mode,subject,seed,d_n,u_n,m_n,prec_du,prec_dm,prec_ud,prec_um,prec_md,prec_mu,cov_du,cov_dm,cov_ud,cov_um,cov_md,cov_mu
triple,fsm-combined,0,37,37,,0.6757,,0.8378,,,,0.6216,,0.8378,,,
triple,fsm-combined,1,25,25,,1.0,,0.28,,,,0.44,,0.32,,,
triple,fsm-combined,2,30,30,,0.9667,,0.8667,,,,0.5667,,0.4667,,,
triple,fsm-combined,3,15,15,,0.7333,,1.0,,,,0.4667,,0.9333,,,
triple,fsm-combined,4,12,12,,1.0,,0.9167,,,,1.0,,1.0,,,
triple,fsm-combined,5,17,17,,0.9412,,0.5882,,,,0.7647,,0.8235,,,
triple,fsm-combined,6,30,30,,0.8333,,0.8333,,,,0.6,,0.5667,,,
triple,fsm-combined,7,18,18,,1.0,,0.0556,,,,0.2778,,0.3333,,,
triple,fsm-combined,8,25,25,,0.52,,0.76,,,,0.56,,0.72,,,
triple,fsm-combined,9,24,24,,0.875,,0.875,,,,0.9167,,0.875,,,
triple,fsm-combined,10,13,13,,0.6154,,1.0,,,,1.0,,1.0,,,
triple,fsm-combined,11,9,9,,0.8889,,1.0,,,,1.0,,1.0,,,
triple,fsm-combined,12,27,27,,0.7778,,0.5556,,,,0.3333,,0.3704,,,
triple,fsm-combined,13,25,25,,0.84,,0.56,,,,0.28,,0.48,,,
triple,fsm-combined,14,26,26,,0.9615,,0.6538,,,,0.5385,,0.3846,,,
xtriple,fsm-combined,0,25,25,,0.96,,0.88,,,,0.8,,0.4,,,
xtriple,fsm-combined,1,38,38,,0.9737,,0.4211,,,,0.4474,,0.2895,,,
xtriple,fsm-combined,2,30,30,,0.8667,,0.8667,,,,0.6667,,0.6,,,
xtriple,fsm-combined,3,12,12,,0.8333,,0.8333,,,,0.5833,,0.9167,,,
xtriple,fsm-combined,4,17,17,,1.0,,0.5882,,,,0.7647,,1.0,,,
xtriple,fsm-combined,5,22,22,,0.4545,,1.0,,,,0.6364,,0.5455,,,
xtriple,fsm-combined,6,30,30,,0.3333,,0.8667,,,,0.5,,0.3,,,
xtriple,fsm-combined,7,18,18,,1.0,,0.7778,,,,0.3889,,0.3889,,,
xtriple,fsm-combined,8,25,25,,0.72,,0.72,,,,0.64,,0.68,,,
xtriple,fsm-combined,9,13,13,,0.3077,,1.0,,,,0.3077,,1.0,,,
xtriple,fsm-combined,10,9,9,,0.6667,,1.0,,,,1.0,,1.0,,,
xtriple,fsm-combined,11,29,29,,0.8966,,0.7586,,,,0.7931,,0.8276,,,
xtriple,fsm-combined,12,27,27,,0.2593,,0.4815,,,,0.1852,,0.3333,,,
xtriple,fsm-combined,13,25,25,,0.52,,0.76,,,,0.32,,0.32,,,
xtriple,fsm-combined,14,26,26,,0.9615,,0.9231,,,,0.6538,,0.3077,,,
null,fsm-combined@directed,0,30,30,30,0.3333,0.5,0.9333,1.0,1.0,0.4,0.7,0.8,0.4,0.4,0.6333,0.4
null,fsm-combined@directed,3,15,15,15,0.6,0.4667,1.0,1.0,0.9333,0.9333,0.4667,0.4667,1.0,1.0,0.6667,1.0
null,fsm-combined@directed,6,18,18,18,1.0,0.8333,1.0,1.0,0.8889,0.3333,0.5556,0.9444,0.3333,0.3889,1.0,0.4444
null,fsm-combined@directed,9,24,24,24,0.875,0.7917,0.875,0.8333,0.9583,0.8333,0.75,0.7083,0.875,0.7083,1.0,1.0
null,fsm-combined@directed,12,25,25,25,0.6,0.36,0.52,0.72,1.0,0.92,0.24,0.16,0.32,0.24,0.4,0.32
null,fsm-combined@uniform,0,25,25,25,0.52,0.88,0.76,0.76,1.0,0.96,0.68,0.72,0.36,0.4,0.48,0.32
null,fsm-combined@uniform,3,12,12,12,1.0,1.0,0.5833,1.0,0.4167,0.8333,0.8333,1.0,1.0,1.0,0.75,1.0
null,fsm-combined@uniform,6,26,26,26,1.0,0.5,0.6154,0.2308,0.8077,0.3462,0.4231,0.7692,0.3846,0.3462,0.6538,0.5
null,fsm-combined@uniform,9,9,9,9,0.5556,0.8889,1.0,1.0,1.0,1.0,1.0,1.0,1.0,1.0,1.0,0.7778
null,fsm-combined@uniform,12,28,28,28,0.5,0.2143,0.5,0.5,0.8929,0.7857,0.3571,0.2143,0.3929,0.4643,0.25,0.3929
triple,fsm-combined,15,28,28,,0.9643,,0.8571,,,,0.3214,,0.5357,,,
triple,fsm-combined,16,17,17,,0.7647,,0.8824,,,,0.2353,,0.4706,,,
triple,fsm-combined,17,26,26,,0.9615,,0.9615,,,,0.6538,,0.5,,,
triple,fsm-combined,18,20,20,,0.35,,0.95,,,,0.55,,0.85,,,
triple,fsm-combined,19,36,36,,0.3056,,0.8611,,,,0.3056,,0.4444,,,
triple,fsm-combined,20,19,19,,0.7895,,0.9474,,,,1.0,,0.5789,,,
triple,fsm-combined,21,25,25,,0.88,,0.84,,,,0.76,,0.28,,,
triple,fsm-combined,22,10,10,,1.0,,0.4,,,,0.7,,0.7,,,
triple,fsm-combined,23,8,8,,1.0,,0.875,,,,1.0,,1.0,,,
triple,fsm-combined,24,27,27,,1.0,,0.9259,,,,0.6296,,0.6296,,,
triple,fsm-combined,25,9,9,,0.3333,,1.0,,,,0.8889,,0.2222,,,
triple,fsm-combined,26,27,27,,0.6296,,1.0,,,,0.5926,,0.8148,,,
triple,fsm-combined,27,18,18,,0.8333,,1.0,,,,0.8333,,0.9444,,,
triple,fsm-combined,28,20,20,,0.95,,0.9,,,,0.75,,0.6,,,
triple,fsm-combined,29,25,25,,0.72,,1.0,,,,0.64,,1.0,,,
xtriple,fsm-combined,15,17,17,,0.7059,,0.7059,,,,0.5294,,0.4118,,,
xtriple,fsm-combined,16,29,29,,0.6552,,0.9655,,,,0.2759,,0.3448,,,
xtriple,fsm-combined,17,26,26,,0.7308,,0.7308,,,,0.4615,,0.2308,,,
xtriple,fsm-combined,18,23,23,,0.913,,0.8261,,,,0.3043,,0.3478,,,
xtriple,fsm-combined,19,23,23,,0.1739,,1.0,,,,0.5652,,0.3478,,,
xtriple,fsm-combined,20,19,19,,0.7895,,1.0,,,,0.3158,,0.7895,,,
xtriple,fsm-combined,21,22,22,,0.7727,,1.0,,,,0.6818,,0.8182,,,
xtriple,fsm-combined,22,8,8,,1.0,,0.875,,,,1.0,,1.0,,,
xtriple,fsm-combined,23,11,11,,0.8182,,0.8182,,,,0.3636,,0.4545,,,
xtriple,fsm-combined,24,9,9,,1.0,,0.7778,,,,1.0,,0.3333,,,
xtriple,fsm-combined,25,27,27,,0.5926,,0.7037,,,,0.5185,,0.4444,,,
xtriple,fsm-combined,26,29,29,,0.931,,0.5172,,,,0.5517,,0.7586,,,
xtriple,fsm-combined,27,18,18,,0.8333,,0.9444,,,,0.2778,,0.5,,,
xtriple,fsm-combined,28,20,20,,0.95,,0.75,,,,0.45,,0.65,,,
xtriple,fsm-combined,29,25,25,,0.68,,0.92,,,,0.52,,0.52,,,
null,fsm-combined@directed,15,26,26,26,0.9615,0.8077,0.6923,0.6923,0.9231,0.9231,0.7308,1.0,0.9231,0.6154,0.9615,0.6538
null,fsm-combined@directed,18,19,19,19,1.0,0.8947,0.6842,0.6842,1.0,0.8947,0.6842,0.4211,0.4211,0.7895,0.5789,1.0
null,fsm-combined@directed,21,10,10,10,0.5,0.6,1.0,1.0,0.8,0.9,0.8,0.6,0.6,1.0,1.0,1.0
null,fsm-combined@directed,24,27,27,27,0.963,0.963,0.9259,0.963,0.7778,0.4444,0.5556,0.6296,0.5926,0.6667,0.5926,0.7037
null,fsm-combined@directed,27,18,18,18,0.7778,0.8889,1.0,0.9444,0.9444,0.7778,0.8333,1.0,0.8889,0.9444,1.0,1.0
null,fsm-combined@uniform,15,17,17,17,0.7647,0.8824,0.7059,0.6471,1.0,1.0,0.3529,0.2941,0.3529,0.6471,0.5882,1.0
null,fsm-combined@uniform,18,20,20,20,0.8,1.0,0.4,0.15,1.0,0.95,0.85,0.85,0.35,0.5,0.5,0.5
null,fsm-combined@uniform,21,8,8,8,1.0,1.0,1.0,1.0,0.375,0.875,0.875,0.375,1.0,1.0,0.75,1.0
null,fsm-combined@uniform,24,9,9,9,0.2222,0.6667,1.0,0.7778,0.8889,0.8889,0.2222,1.0,0.2222,0.2222,1.0,0.7778
null,fsm-combined@uniform,27,27,27,27,1.0,1.0,0.8889,0.9259,0.8889,1.0,0.3704,0.4815,0.5926,0.5556,0.4444,0.5926
triple,fsm-timing,0,32,32,,0.6875,,0.9062,,,,1.0,,0.9688,,,
triple,fsm-timing,1,28,28,,0.8214,,0.7857,,,,0.9286,,1.0,,,
triple,fsm-timing,2,27,27,,0.8148,,0.7778,,,,1.0,,1.0,,,
triple,fsm-timing,3,42,42,,0.9286,,0.8095,,,,0.4762,,0.5476,,,
triple,fsm-timing,4,39,39,,0.8462,,0.8718,,,,0.5385,,1.0,,,
triple,fsm-timing,5,31,31,,0.7097,,0.8387,,,,1.0,,0.9677,,,
triple,fsm-timing,6,50,50,,0.9,,0.9,,,,0.76,,0.96,,,
triple,fsm-timing,7,27,27,,0.9259,,0.8519,,,,0.963,,1.0,,,
triple,fsm-timing,8,33,33,,0.8788,,0.8485,,,,0.7576,,0.9091,,,
triple,fsm-timing,9,46,46,,0.8696,,0.8696,,,,0.4565,,0.8261,,,
triple,fsm-timing,10,26,26,,0.9615,,0.9615,,,,1.0,,1.0,,,
triple,fsm-timing,11,35,35,,0.8571,,0.9143,,,,1.0,,0.7143,,,
triple,fsm-timing,12,48,48,,0.7292,,0.875,,,,1.0,,0.9375,,,
triple,fsm-timing,13,34,34,,0.8235,,0.8824,,,,0.9706,,0.9412,,,
triple,fsm-timing,14,36,36,,0.9167,,0.9444,,,,0.6944,,0.9722,,,
xtriple,fsm-timing,0,34,34,,0.6471,,0.8824,,,,0.9118,,0.8824,,,
xtriple,fsm-timing,1,27,27,,0.8148,,0.8889,,,,0.963,,0.963,,,
xtriple,fsm-timing,2,32,32,,0.9375,,0.875,,,,0.9688,,1.0,,,
xtriple,fsm-timing,3,48,48,,0.9375,,0.9167,,,,0.4375,,0.8333,,,
xtriple,fsm-timing,4,31,31,,0.6774,,0.7742,,,,0.871,,0.9677,,,
xtriple,fsm-timing,5,37,37,,0.7297,,0.8108,,,,0.6757,,0.6757,,,
xtriple,fsm-timing,6,27,27,,0.963,,0.8889,,,,0.9259,,1.0,,,
xtriple,fsm-timing,7,33,33,,0.8788,,0.8182,,,,1.0,,1.0,,,
xtriple,fsm-timing,8,34,34,,0.7353,,0.9412,,,,0.4412,,0.7647,,,
xtriple,fsm-timing,9,32,32,,0.8438,,0.875,,,,1.0,,1.0,,,
xtriple,fsm-timing,10,26,26,,0.8462,,0.9231,,,,1.0,,1.0,,,
xtriple,fsm-timing,11,51,51,,0.9216,,0.7843,,,,0.9412,,0.6863,,,
xtriple,fsm-timing,12,34,34,,0.8529,,0.9412,,,,0.9706,,0.7941,,,
xtriple,fsm-timing,13,36,36,,0.8611,,0.9722,,,,0.8056,,1.0,,,
xtriple,fsm-timing,14,48,48,,0.8333,,0.875,,,,0.7708,,0.9583,,,
null,fsm-timing@directed,0,28,28,28,0.6429,0.5,0.8571,0.7857,0.9286,0.9643,0.8571,0.7143,0.8571,0.8214,0.9643,0.9643
null,fsm-timing@directed,3,37,37,37,0.9189,0.9189,0.8108,0.6757,0.9459,0.7838,1.0,0.9459,1.0,1.0,1.0,0.9189
null,fsm-timing@directed,6,34,34,34,0.8235,0.7941,0.8824,0.9412,0.7647,0.8235,0.8235,0.8235,0.9412,1.0,0.9412,0.9706
null,fsm-timing@directed,9,26,26,26,0.8462,0.8077,0.8846,0.9615,0.9231,1.0,1.0,1.0,1.0,1.0,0.9231,1.0
null,fsm-timing@directed,12,48,48,48,0.6458,0.7292,0.9583,0.8542,0.9167,0.8958,0.7708,0.6875,0.5625,0.8333,0.6875,0.9583
null,fsm-timing@uniform,0,27,27,27,0.7037,0.6296,0.8519,0.6667,0.8148,0.8519,0.963,1.0,0.8889,0.8889,0.963,0.963
null,fsm-timing@uniform,3,31,31,31,0.7097,0.6774,0.8065,0.7097,0.7742,0.6129,0.8387,0.4839,0.8065,0.8387,0.871,0.5806
null,fsm-timing@uniform,6,27,27,27,0.7778,0.8148,0.963,0.9259,0.6667,0.7778,0.9259,1.0,1.0,1.0,1.0,1.0
null,fsm-timing@uniform,9,32,32,32,0.9688,0.9375,0.9062,0.9375,0.9062,0.875,0.9062,0.9062,1.0,1.0,0.9062,1.0
null,fsm-timing@uniform,12,34,34,34,0.9412,0.8824,0.8235,0.7353,0.9118,0.8824,1.0,0.9118,0.8529,0.7353,0.9706,1.0
triple,fsm-timing,15,44,44,,0.8636,,0.9318,,,,0.9545,,1.0,,,
triple,fsm-timing,16,36,36,,0.9444,,0.9722,,,,0.9722,,1.0,,,
triple,fsm-timing,17,41,41,,0.878,,0.878,,,,0.9756,,0.9512,,,
triple,fsm-timing,18,38,38,,0.9737,,0.9474,,,,0.9737,,0.9737,,,
triple,fsm-timing,19,35,35,,0.8571,,0.8571,,,,0.9714,,1.0,,,
triple,fsm-timing,20,44,44,,0.8636,,0.8636,,,,1.0,,0.9318,,,
triple,fsm-timing,21,37,37,,0.7027,,0.8649,,,,0.8649,,0.8649,,,
triple,fsm-timing,22,48,48,,0.9375,,0.75,,,,1.0,,0.8958,,,
triple,fsm-timing,23,43,43,,0.7907,,0.9767,,,,0.9767,,0.8605,,,
triple,fsm-timing,24,44,44,,0.8636,,0.9091,,,,0.8409,,1.0,,,
triple,fsm-timing,25,35,35,,0.6571,,0.9143,,,,0.4,,0.8571,,,
triple,fsm-timing,26,33,33,,0.9091,,0.8182,,,,0.8485,,0.9697,,,
triple,fsm-timing,27,34,34,,0.8824,,0.9412,,,,0.4706,,0.7059,,,
triple,fsm-timing,28,29,29,,0.9655,,0.9655,,,,0.5172,,1.0,,,
triple,fsm-timing,29,32,32,,0.7188,,0.875,,,,0.8438,,0.9688,,,
xtriple,fsm-timing,15,36,36,,1.0,,0.6389,,,,0.9444,,0.8611,,,
xtriple,fsm-timing,16,38,38,,0.5263,,0.9211,,,,0.5789,,0.7895,,,
xtriple,fsm-timing,17,44,44,,0.7273,,0.7955,,,,0.4318,,0.9091,,,
xtriple,fsm-timing,18,35,35,,0.8286,,0.6286,,,,0.9143,,0.9143,,,
xtriple,fsm-timing,19,36,36,,0.6667,,0.9167,,,,0.5278,,1.0,,,
xtriple,fsm-timing,20,41,41,,0.878,,0.9024,,,,0.9756,,0.7805,,,
xtriple,fsm-timing,21,37,37,,0.8919,,0.7838,,,,1.0,,0.6757,,,
xtriple,fsm-timing,22,44,44,,0.8636,,0.9773,,,,0.6591,,0.8182,,,
xtriple,fsm-timing,23,40,40,,0.875,,0.95,,,,1.0,,0.975,,,
xtriple,fsm-timing,24,35,35,,0.8,,0.8286,,,,0.6857,,0.7143,,,
xtriple,fsm-timing,25,33,33,,0.7576,,0.9394,,,,0.8788,,0.9394,,,
xtriple,fsm-timing,26,36,36,,0.8889,,0.8889,,,,0.8889,,0.9444,,,
xtriple,fsm-timing,27,34,34,,0.9118,,0.9412,,,,0.4706,,0.5588,,,
xtriple,fsm-timing,28,29,29,,0.7586,,0.8276,,,,0.8966,,1.0,,,
xtriple,fsm-timing,29,32,32,,0.875,,0.9375,,,,0.5938,,1.0,,,
null,fsm-timing@directed,15,38,38,38,0.9211,0.7368,0.7368,0.5,0.8421,0.9474,1.0,0.8684,0.8947,0.5,0.7368,0.7105
null,fsm-timing@directed,18,36,36,36,0.9444,0.9444,0.8056,0.8056,0.8889,0.8889,1.0,1.0,0.9167,0.9444,1.0,1.0
null,fsm-timing@directed,21,37,37,37,0.8108,0.8378,0.8649,0.9459,0.9189,0.9189,1.0,0.8108,0.973,0.6216,0.8919,1.0
null,fsm-timing@directed,24,36,36,36,0.8611,0.6667,0.8611,0.6389,0.8333,0.8889,1.0,0.6944,0.9722,0.8333,0.7778,0.7778
null,fsm-timing@directed,27,29,29,29,0.9655,0.8966,0.931,0.8966,0.8621,0.8621,1.0,1.0,0.931,1.0,1.0,0.9655
null,fsm-timing@uniform,15,36,36,36,0.9444,0.7222,0.5278,0.4167,0.8889,0.9167,0.9444,0.9444,0.8889,0.5556,0.9167,0.8056
null,fsm-timing@uniform,18,35,35,35,0.8857,0.9714,0.6571,0.5714,0.8857,0.8286,0.8286,1.0,1.0,1.0,0.9143,0.8286
null,fsm-timing@uniform,21,40,40,40,1.0,0.8,0.625,0.6,0.95,1.0,0.975,1.0,0.9,0.85,1.0,0.95
null,fsm-timing@uniform,24,33,33,33,0.8485,0.9394,0.8485,0.9091,0.8182,0.9394,0.7273,0.9697,0.8485,0.7273,0.9697,0.6667
null,fsm-timing@uniform,27,35,35,35,0.8286,0.8571,0.9143,0.8571,0.8,0.7714,0.8286,0.8,0.5429,0.9143,0.7429,0.8286
triple,fsm,0,14,14,,1.0,,1.0,,,,1.0,,1.0,,,
triple,fsm,1,20,20,,0.9,,1.0,,,,1.0,,1.0,,,
triple,fsm,2,17,17,,0.9412,,1.0,,,,1.0,,1.0,,,
triple,fsm,3,10,10,,1.0,,1.0,,,,1.0,,1.0,,,
triple,fsm,4,9,9,,1.0,,0.8889,,,,1.0,,1.0,,,
triple,fsm,5,9,9,,0.8889,,1.0,,,,1.0,,1.0,,,
triple,fsm,6,10,10,,1.0,,1.0,,,,1.0,,1.0,,,
triple,fsm,7,9,9,,0.7778,,1.0,,,,1.0,,1.0,,,
triple,fsm,8,10,10,,1.0,,1.0,,,,1.0,,1.0,,,
triple,fsm,9,21,21,,0.9524,,0.8571,,,,1.0,,0.8571,,,
triple,fsm,10,11,11,,1.0,,1.0,,,,1.0,,1.0,,,
triple,fsm,11,9,9,,1.0,,1.0,,,,1.0,,1.0,,,
triple,fsm,12,13,13,,1.0,,1.0,,,,1.0,,1.0,,,
triple,fsm,13,11,11,,0.9091,,1.0,,,,1.0,,1.0,,,
triple,fsm,14,13,13,,0.9231,,0.9231,,,,0.9231,,1.0,,,
xtriple,fsm,0,14,14,,0.9286,,1.0,,,,1.0,,0.9286,,,
xtriple,fsm,1,20,20,,0.95,,1.0,,,,0.85,,1.0,,,
xtriple,fsm,2,14,14,,1.0,,0.9286,,,,1.0,,1.0,,,
xtriple,fsm,3,10,10,,1.0,,1.0,,,,1.0,,1.0,,,
xtriple,fsm,4,9,9,,1.0,,1.0,,,,1.0,,1.0,,,
xtriple,fsm,5,10,10,,0.8,,1.0,,,,1.0,,1.0,,,
xtriple,fsm,6,9,9,,1.0,,1.0,,,,1.0,,1.0,,,
xtriple,fsm,7,11,11,,1.0,,0.9091,,,,0.9091,,0.9091,,,
xtriple,fsm,8,10,10,,1.0,,0.7,,,,1.0,,0.9,,,
xtriple,fsm,9,20,20,,1.0,,0.95,,,,1.0,,1.0,,,
xtriple,fsm,10,9,9,,0.8889,,1.0,,,,1.0,,1.0,,,
xtriple,fsm,11,12,12,,1.0,,0.8333,,,,1.0,,1.0,,,
xtriple,fsm,12,11,11,,0.9091,,1.0,,,,1.0,,1.0,,,
xtriple,fsm,13,14,14,,0.9286,,1.0,,,,0.7857,,1.0,,,
xtriple,fsm,14,13,13,,0.9231,,1.0,,,,1.0,,1.0,,,
null,fsm@directed,0,14,14,14,1.0,1.0,1.0,1.0,1.0,1.0,1.0,1.0,0.8571,1.0,0.9286,1.0
null,fsm@directed,3,9,9,9,1.0,1.0,1.0,1.0,1.0,0.8889,1.0,1.0,1.0,1.0,1.0,0.8889
null,fsm@directed,6,10,10,10,1.0,1.0,1.0,1.0,1.0,1.0,1.0,1.0,1.0,1.0,1.0,1.0
null,fsm@directed,9,11,11,11,1.0,1.0,1.0,1.0,1.0,0.9091,1.0,1.0,1.0,1.0,1.0,1.0
null,fsm@directed,12,13,13,13,1.0,1.0,0.9231,0.9231,1.0,0.9231,1.0,1.0,1.0,1.0,1.0,1.0
null,fsm@uniform,0,14,14,14,1.0,0.9286,0.8571,0.7857,0.8571,1.0,1.0,1.0,1.0,1.0,1.0,1.0
null,fsm@uniform,3,9,9,9,0.7778,0.8889,1.0,1.0,1.0,1.0,1.0,1.0,1.0,1.0,1.0,1.0
null,fsm@uniform,6,9,9,9,0.6667,0.7778,1.0,1.0,1.0,1.0,1.0,0.8889,1.0,1.0,1.0,1.0
null,fsm@uniform,9,9,9,9,0.6667,0.8889,1.0,0.8889,1.0,1.0,1.0,1.0,1.0,1.0,1.0,1.0
null,fsm@uniform,12,11,11,11,0.9091,0.9091,1.0,1.0,1.0,1.0,1.0,1.0,1.0,1.0,0.9091,1.0
triple,fsm,15,12,12,,1.0,,1.0,,,,1.0,,1.0,,,
triple,fsm,16,11,11,,1.0,,0.9091,,,,1.0,,0.9091,,,
triple,fsm,17,11,11,,1.0,,0.8182,,,,1.0,,0.9091,,,
triple,fsm,18,9,9,,1.0,,0.7778,,,,1.0,,0.8889,,,
triple,fsm,19,19,19,,0.9474,,0.8947,,,,1.0,,1.0,,,
triple,fsm,20,14,14,,0.8571,,1.0,,,,0.9286,,0.9286,,,
triple,fsm,21,11,11,,1.0,,0.8182,,,,1.0,,1.0,,,
triple,fsm,22,7,7,,1.0,,1.0,,,,1.0,,1.0,,,
triple,fsm,23,5,5,,,,,,,,,,,,,
triple,fsm,24,18,18,,1.0,,0.9444,,,,1.0,,1.0,,,
triple,fsm,25,15,15,,1.0,,1.0,,,,1.0,,1.0,,,
triple,fsm,26,10,10,,0.8,,1.0,,,,0.9,,0.9,,,
triple,fsm,27,10,10,,1.0,,1.0,,,,1.0,,1.0,,,
triple,fsm,28,9,9,,1.0,,1.0,,,,1.0,,1.0,,,
triple,fsm,29,17,17,,0.9412,,1.0,,,,1.0,,1.0,,,
xtriple,fsm,15,12,12,,1.0,,1.0,,,,0.9167,,1.0,,,
xtriple,fsm,16,11,11,,1.0,,0.7273,,,,1.0,,0.8182,,,
xtriple,fsm,17,11,11,,0.9091,,1.0,,,,1.0,,1.0,,,
xtriple,fsm,18,9,9,,1.0,,1.0,,,,1.0,,1.0,,,
xtriple,fsm,19,14,14,,0.7857,,1.0,,,,0.9286,,0.9286,,,
xtriple,fsm,20,17,17,,1.0,,0.9412,,,,0.9412,,0.8235,,,
xtriple,fsm,21,11,11,,1.0,,1.0,,,,1.0,,1.0,,,
xtriple,fsm,22,7,7,,1.0,,0.8571,,,,1.0,,1.0,,,
xtriple,fsm,23,5,5,,,,,,,,,,,,,
xtriple,fsm,24,15,15,,0.9333,,0.8667,,,,1.0,,1.0,,,
xtriple,fsm,25,10,10,,1.0,,1.0,,,,1.0,,1.0,,,
xtriple,fsm,26,23,23,,1.0,,1.0,,,,0.6957,,0.913,,,
xtriple,fsm,27,9,9,,1.0,,1.0,,,,1.0,,1.0,,,
xtriple,fsm,28,11,11,,1.0,,1.0,,,,1.0,,0.9091,,,
xtriple,fsm,29,10,10,,1.0,,1.0,,,,1.0,,1.0,,,
null,fsm@directed,15,11,11,11,0.9091,1.0,1.0,1.0,1.0,1.0,1.0,1.0,1.0,1.0,1.0,1.0
null,fsm@directed,18,9,9,9,1.0,1.0,0.8889,0.8889,1.0,1.0,1.0,1.0,1.0,1.0,1.0,1.0
null,fsm@directed,21,5,5,5,,,,,,,,,,,,
null,fsm@directed,24,17,17,17,1.0,0.8824,0.9412,1.0,0.8235,0.8824,1.0,0.9412,1.0,1.0,0.9412,0.8235
null,fsm@directed,27,11,11,11,1.0,1.0,1.0,1.0,0.9091,1.0,1.0,1.0,1.0,1.0,1.0,1.0
null,fsm@uniform,15,15,15,15,0.9333,1.0,1.0,1.0,0.8667,0.9333,1.0,1.0,1.0,1.0,1.0,1.0
null,fsm@uniform,18,14,14,14,0.9286,0.7857,0.8571,0.7857,1.0,1.0,1.0,1.0,0.9286,1.0,0.9286,1.0
null,fsm@uniform,21,11,11,11,1.0,1.0,1.0,1.0,1.0,1.0,1.0,1.0,1.0,1.0,1.0,0.8182
null,fsm@uniform,24,10,10,10,1.0,0.9,1.0,0.9,1.0,1.0,1.0,1.0,1.0,1.0,1.0,1.0
null,fsm@uniform,27,9,9,9,1.0,1.0,1.0,1.0,1.0,0.8889,1.0,1.0,1.0,1.0,1.0,1.0
triple,mode-arbiter,0,19,19,,0.9474,,0.9474,,,,1.0,,1.0,,,
triple,mode-arbiter,1,22,22,,0.9545,,1.0,,,,0.9545,,1.0,,,
triple,mode-arbiter,2,19,19,,1.0,,1.0,,,,0.9474,,1.0,,,
triple,mode-arbiter,3,25,25,,0.96,,1.0,,,,1.0,,1.0,,,
triple,mode-arbiter,4,17,17,,1.0,,1.0,,,,1.0,,1.0,,,
triple,mode-arbiter,5,20,20,,1.0,,1.0,,,,1.0,,1.0,,,
triple,mode-arbiter,6,15,15,,0.9333,,1.0,,,,1.0,,1.0,,,
triple,mode-arbiter,7,17,17,,1.0,,1.0,,,,1.0,,1.0,,,
triple,mode-arbiter,8,23,23,,1.0,,1.0,,,,1.0,,1.0,,,
triple,mode-arbiter,9,22,22,,0.7727,,1.0,,,,1.0,,1.0,,,
triple,mode-arbiter,10,18,18,,1.0,,1.0,,,,1.0,,1.0,,,
triple,mode-arbiter,11,18,18,,0.9444,,1.0,,,,1.0,,0.8889,,,
triple,mode-arbiter,12,27,27,,0.8889,,1.0,,,,0.7037,,1.0,,,
triple,mode-arbiter,13,20,20,,0.95,,1.0,,,,0.95,,0.9,,,
triple,mode-arbiter,14,22,22,,0.8636,,1.0,,,,0.8182,,1.0,,,
xtriple,mode-arbiter,0,19,19,,1.0,,1.0,,,,1.0,,1.0,,,
xtriple,mode-arbiter,1,28,28,,0.8929,,0.9643,,,,0.9643,,0.9643,,,
xtriple,mode-arbiter,2,19,19,,0.9474,,1.0,,,,1.0,,1.0,,,
xtriple,mode-arbiter,3,25,25,,1.0,,1.0,,,,1.0,,1.0,,,
xtriple,mode-arbiter,4,17,17,,1.0,,1.0,,,,1.0,,1.0,,,
xtriple,mode-arbiter,5,20,20,,1.0,,0.95,,,,1.0,,1.0,,,
xtriple,mode-arbiter,6,15,15,,1.0,,1.0,,,,1.0,,1.0,,,
xtriple,mode-arbiter,7,17,17,,1.0,,0.9412,,,,1.0,,1.0,,,
xtriple,mode-arbiter,8,23,23,,0.9565,,1.0,,,,0.9565,,1.0,,,
xtriple,mode-arbiter,9,18,18,,0.9444,,1.0,,,,1.0,,1.0,,,
xtriple,mode-arbiter,10,22,22,,0.9545,,1.0,,,,0.9545,,1.0,,,
xtriple,mode-arbiter,11,18,18,,1.0,,1.0,,,,1.0,,1.0,,,
xtriple,mode-arbiter,12,27,27,,0.8519,,0.9259,,,,0.7778,,0.963,,,
xtriple,mode-arbiter,13,20,20,,1.0,,1.0,,,,1.0,,0.95,,,
xtriple,mode-arbiter,14,22,22,,0.8182,,1.0,,,,0.8182,,1.0,,,
null,mode-arbiter@directed,0,19,19,19,1.0,1.0,1.0,1.0,1.0,1.0,1.0,1.0,1.0,1.0,0.9474,1.0
null,mode-arbiter@directed,3,17,17,17,1.0,0.8824,1.0,1.0,1.0,1.0,1.0,1.0,1.0,1.0,1.0,1.0
null,mode-arbiter@directed,6,15,15,15,1.0,1.0,1.0,1.0,1.0,1.0,1.0,1.0,1.0,1.0,1.0,1.0
null,mode-arbiter@directed,9,18,18,18,1.0,1.0,1.0,1.0,1.0,0.9444,1.0,1.0,1.0,1.0,0.9444,1.0
null,mode-arbiter@directed,12,20,20,20,1.0,1.0,0.95,1.0,0.95,0.95,1.0,1.0,1.0,1.0,1.0,0.95
null,mode-arbiter@uniform,0,22,22,22,0.9545,0.9545,0.9545,0.9545,1.0,1.0,1.0,0.8636,1.0,1.0,0.8636,1.0
null,mode-arbiter@uniform,3,25,25,25,1.0,0.96,0.76,0.92,0.88,1.0,1.0,0.96,1.0,1.0,1.0,1.0
null,mode-arbiter@uniform,6,25,25,25,0.92,0.96,0.88,1.0,0.92,0.96,0.92,1.0,0.96,1.0,1.0,1.0
null,mode-arbiter@uniform,9,18,18,18,1.0,1.0,0.9444,1.0,0.9444,1.0,1.0,1.0,0.8889,0.8889,0.8333,1.0
null,mode-arbiter@uniform,12,23,23,23,0.913,0.9565,1.0,0.9565,0.9565,1.0,0.9565,1.0,1.0,0.8696,1.0,1.0
triple,mode-arbiter,15,31,31,,0.9032,,0.9355,,,,0.9355,,1.0,,,
triple,mode-arbiter,16,22,22,,1.0,,1.0,,,,0.9545,,1.0,,,
triple,mode-arbiter,17,17,17,,1.0,,1.0,,,,0.9412,,1.0,,,
triple,mode-arbiter,18,24,24,,0.75,,1.0,,,,1.0,,0.9583,,,
triple,mode-arbiter,19,23,23,,0.9565,,0.913,,,,1.0,,0.913,,,
triple,mode-arbiter,20,19,19,,1.0,,0.8947,,,,0.8421,,1.0,,,
triple,mode-arbiter,21,25,25,,0.88,,1.0,,,,1.0,,1.0,,,
triple,mode-arbiter,22,19,19,,0.8947,,1.0,,,,1.0,,1.0,,,
triple,mode-arbiter,23,17,17,,1.0,,1.0,,,,1.0,,0.9412,,,
triple,mode-arbiter,24,14,14,,1.0,,1.0,,,,1.0,,1.0,,,
triple,mode-arbiter,25,18,18,,0.8333,,1.0,,,,1.0,,1.0,,,
triple,mode-arbiter,26,10,10,,1.0,,1.0,,,,1.0,,1.0,,,
triple,mode-arbiter,27,20,20,,0.9,,1.0,,,,1.0,,1.0,,,
triple,mode-arbiter,28,14,14,,1.0,,1.0,,,,1.0,,0.9286,,,
triple,mode-arbiter,29,19,19,,0.8421,,1.0,,,,1.0,,1.0,,,
xtriple,mode-arbiter,15,31,31,,0.9032,,1.0,,,,0.5806,,0.7742,,,
xtriple,mode-arbiter,16,22,22,,1.0,,1.0,,,,1.0,,1.0,,,
xtriple,mode-arbiter,17,17,17,,0.8824,,0.9412,,,,1.0,,1.0,,,
xtriple,mode-arbiter,18,24,24,,0.9583,,0.9583,,,,0.9583,,1.0,,,
xtriple,mode-arbiter,19,23,23,,1.0,,0.8696,,,,1.0,,0.913,,,
xtriple,mode-arbiter,20,19,19,,1.0,,0.9474,,,,0.6842,,1.0,,,
xtriple,mode-arbiter,21,25,25,,0.76,,0.92,,,,1.0,,1.0,,,
xtriple,mode-arbiter,22,19,19,,1.0,,1.0,,,,0.9474,,1.0,,,
xtriple,mode-arbiter,23,17,17,,1.0,,1.0,,,,0.9412,,0.9412,,,
xtriple,mode-arbiter,24,14,14,,1.0,,1.0,,,,1.0,,0.9286,,,
xtriple,mode-arbiter,25,18,18,,0.9444,,1.0,,,,1.0,,1.0,,,
xtriple,mode-arbiter,26,10,10,,1.0,,1.0,,,,1.0,,1.0,,,
xtriple,mode-arbiter,27,20,20,,1.0,,0.95,,,,1.0,,1.0,,,
xtriple,mode-arbiter,28,14,14,,1.0,,1.0,,,,1.0,,1.0,,,
xtriple,mode-arbiter,29,22,22,,1.0,,1.0,,,,1.0,,1.0,,,
null,mode-arbiter@directed,15,17,17,17,0.9412,0.8824,1.0,0.8824,1.0,1.0,1.0,0.9412,0.9412,1.0,1.0,1.0
null,mode-arbiter@directed,18,19,19,19,1.0,0.9474,1.0,1.0,1.0,1.0,1.0,0.9474,1.0,1.0,0.8421,0.8421
null,mode-arbiter@directed,21,17,17,17,0.9412,0.8235,1.0,0.8824,1.0,1.0,1.0,0.9412,0.9412,0.9412,1.0,1.0
null,mode-arbiter@directed,24,10,10,10,1.0,1.0,1.0,1.0,1.0,1.0,1.0,1.0,1.0,1.0,1.0,1.0
null,mode-arbiter@directed,27,14,14,14,1.0,1.0,1.0,1.0,1.0,1.0,1.0,1.0,1.0,0.7143,1.0,1.0
null,mode-arbiter@uniform,15,27,27,27,0.8519,0.8519,0.963,1.0,0.963,1.0,0.963,1.0,0.9259,0.963,0.963,1.0
null,mode-arbiter@uniform,18,29,29,29,0.9655,1.0,1.0,0.9655,0.8966,0.9655,1.0,0.9655,1.0,1.0,1.0,0.8621
null,mode-arbiter@uniform,21,21,21,21,1.0,1.0,1.0,1.0,1.0,1.0,0.9524,1.0,1.0,1.0,1.0,1.0
null,mode-arbiter@uniform,24,28,28,28,0.8571,0.9643,0.9643,1.0,0.8571,0.8929,0.9643,0.9286,1.0,1.0,0.9643,0.9643
null,mode-arbiter@uniform,27,19,19,19,1.0,0.9474,1.0,1.0,1.0,1.0,1.0,0.9474,1.0,1.0,1.0,1.0
triple,rad-core-10,0,4,4,,,,,,,,,,,,,
triple,rad-core-10,2,4,4,,,,,,,,,,,,,
triple,rad-core-10,4,3,3,,,,,,,,,,,,,
triple,rad-core-10,6,1,1,,,,,,,,,,,,,
triple,rad-core-10,7,6,6,,0.0,,1.0,,,,0.0,,1.0,,,
triple,rad-core-10,12,9,9,,0.0,,1.0,,,,0.0,,0.8889,,,
triple,rad-core-10,13,2,2,,,,,,,,,,,,,
triple,rad-core-10,14,1,1,,,,,,,,,,,,,
xtriple,rad-core-10,0,4,4,,,,,,,,,,,,,
xtriple,rad-core-10,2,4,4,,,,,,,,,,,,,
xtriple,rad-core-10,4,3,3,,,,,,,,,,,,,
xtriple,rad-core-10,6,1,1,,,,,,,,,,,,,
xtriple,rad-core-10,7,6,6,,0.0,,1.0,,,,0.0,,1.0,,,
xtriple,rad-core-10,12,9,9,,0.1111,,1.0,,,,0.5556,,1.0,,,
xtriple,rad-core-10,13,2,2,,,,,,,,,,,,,
xtriple,rad-core-10,14,1,1,,,,,,,,,,,,,
null,rad-core-10@directed,12,1,1,1,,,,,,,,,,,,
null,rad-core-10@uniform,0,12,12,12,0.75,1.0,0.75,0.9167,0.8333,0.75,1.0,1.0,1.0,1.0,1.0,1.0
null,rad-core-10@uniform,3,17,17,17,0.8235,0.6471,0.4706,0.5294,0.9412,1.0,0.5882,0.6471,0.6471,0.7647,0.8824,1.0
null,rad-core-10@uniform,6,19,19,19,0.4211,0.1579,0.9474,0.6316,0.9474,1.0,0.4211,0.4211,1.0,1.0,1.0,1.0
null,rad-core-10@uniform,9,15,15,15,0.6,0.8,0.7333,0.7333,1.0,0.9333,1.0,1.0,1.0,0.9333,0.9333,0.6
null,rad-core-10@uniform,12,14,14,14,0.9286,0.7143,0.8571,0.6429,0.7143,0.8571,1.0,0.8571,1.0,1.0,1.0,1.0
triple,rad-core-10,17,13,13,,0.0769,,1.0,,,,0.3846,,1.0,,,
triple,rad-core-10,19,2,2,,,,,,,,,,,,,
triple,rad-core-10,20,1,1,,,,,,,,,,,,,
triple,rad-core-10,23,7,7,,0.0,,1.0,,,,0.0,,1.0,,,
xtriple,rad-core-10,17,13,13,,0.0,,1.0,,,,0.0,,1.0,,,
xtriple,rad-core-10,19,2,2,,,,,,,,,,,,,
xtriple,rad-core-10,20,1,1,,,,,,,,,,,,,
xtriple,rad-core-10,23,7,7,,0.0,,1.0,,,,0.0,,1.0,,,
null,rad-core-10@uniform,15,28,28,28,0.6071,0.4643,0.3571,0.5714,0.6786,0.6786,0.7857,0.7857,0.9286,1.0,0.9643,0.8929
null,rad-core-10@uniform,18,32,32,32,0.625,0.6875,0.3438,0.625,0.3125,0.875,0.5625,0.5625,0.6875,0.9375,0.6562,1.0
null,rad-core-10@uniform,21,34,34,34,0.5,0.5882,0.4412,0.4706,0.6176,0.5294,0.8235,0.8529,0.8235,0.7647,0.7353,0.7941
null,rad-core-10@uniform,24,32,32,32,0.625,0.75,0.125,0.9062,0.0938,0.5938,1.0,1.0,0.3125,0.7812,0.25,0.8438
null,rad-core-10@uniform,27,16,16,16,0.8125,0.8125,0.6875,0.75,0.8125,0.875,1.0,1.0,0.8125,1.0,0.6875,1.0
triple,rad-core-1-18,0,48,48,,0.8333,,0.7083,,,,0.75,,0.6875,,,
triple,rad-core-1-18,1,38,38,,0.8421,,0.6579,,,,1.0,,1.0,,,
triple,rad-core-1-18,2,37,37,,0.7027,,0.6757,,,,0.9189,,0.7568,,,
triple,rad-core-1-18,3,51,51,,0.7843,,0.7255,,,,0.902,,0.9804,,,
triple,rad-core-1-18,4,49,49,,0.6327,,0.8571,,,,0.898,,0.7347,,,
triple,rad-core-1-18,5,40,40,,1.0,,0.85,,,,0.65,,0.95,,,
triple,rad-core-1-18,6,46,46,,0.5652,,0.7391,,,,0.7174,,1.0,,,
triple,rad-core-1-18,7,42,42,,0.6429,,0.9286,,,,1.0,,0.8571,,,
triple,rad-core-1-18,8,40,40,,0.8,,0.775,,,,0.85,,0.975,,,
triple,rad-core-1-18,9,44,44,,0.7955,,0.6818,,,,0.8409,,0.9091,,,
triple,rad-core-1-18,10,61,61,,0.6885,,0.6721,,,,0.7049,,0.6721,,,
triple,rad-core-1-18,11,53,53,,0.6981,,0.7925,,,,0.7736,,0.8113,,,
triple,rad-core-1-18,12,72,72,,0.5417,,0.8056,,,,0.7361,,0.8333,,,
triple,rad-core-1-18,13,42,42,,0.7619,,0.6429,,,,0.8571,,0.9048,,,
triple,rad-core-1-18,14,54,54,,0.7593,,0.7778,,,,0.8704,,0.7963,,,
xtriple,rad-core-1-18,0,44,44,,0.7727,,0.5909,,,,0.8409,,0.8636,,,
xtriple,rad-core-1-18,1,38,38,,0.6579,,0.6842,,,,0.9474,,0.6842,,,
xtriple,rad-core-1-18,2,37,37,,0.8919,,0.7297,,,,0.8649,,0.5135,,,
xtriple,rad-core-1-18,3,49,49,,0.8571,,0.8571,,,,0.5918,,0.6939,,,
xtriple,rad-core-1-18,4,40,40,,0.8,,0.925,,,,0.925,,0.975,,,
xtriple,rad-core-1-18,5,41,41,,0.7317,,0.6098,,,,0.7317,,1.0,,,
xtriple,rad-core-1-18,6,44,44,,0.9091,,0.75,,,,0.75,,0.8864,,,
xtriple,rad-core-1-18,7,42,42,,0.6667,,0.8571,,,,0.6429,,1.0,,,
xtriple,rad-core-1-18,8,40,40,,0.6,,0.85,,,,0.875,,0.975,,,
xtriple,rad-core-1-18,9,44,44,,0.7273,,0.9091,,,,0.6364,,0.7727,,,
xtriple,rad-core-1-18,10,53,53,,0.7358,,0.6981,,,,0.9057,,0.5849,,,
xtriple,rad-core-1-18,11,60,60,,0.7833,,0.55,,,,0.8333,,0.7833,,,
xtriple,rad-core-1-18,12,42,42,,0.5,,0.9286,,,,0.9048,,1.0,,,
xtriple,rad-core-1-18,13,65,65,,0.6,,0.4615,,,,0.7692,,0.7692,,,
xtriple,rad-core-1-18,14,54,54,,0.8519,,0.8519,,,,0.7778,,0.8889,,,
null,rad-core-1-18@directed,0,37,37,37,0.8108,0.8378,0.7297,0.6486,0.7568,0.7838,0.9189,0.973,0.8919,0.9189,0.973,0.9189
null,rad-core-1-18@directed,3,41,41,41,0.8537,0.878,0.8293,0.7561,0.8293,0.8293,0.8293,0.9756,0.9512,0.9756,0.6829,0.7317
null,rad-core-1-18@directed,6,40,40,40,0.725,0.75,0.8,0.725,0.675,0.775,0.75,0.85,0.65,0.8,0.875,0.825
null,rad-core-1-18@directed,9,44,44,44,0.6591,0.8182,0.8182,0.7045,0.9545,0.7727,0.7955,0.75,0.9545,0.8636,0.8182,0.7273
null,rad-core-1-18@directed,12,54,54,54,0.6852,0.8148,0.7407,0.7963,0.8333,0.7222,0.8889,0.963,0.9259,0.9444,0.9815,0.8333
null,rad-core-1-18@uniform,0,44,44,44,0.8636,0.6591,0.8182,0.7045,0.7955,0.8864,0.5455,0.6591,0.8182,0.8182,0.8864,0.9091
null,rad-core-1-18@uniform,3,40,40,40,0.725,0.9,0.85,0.975,0.75,0.9,0.9,0.95,0.725,0.7,1.0,0.95
null,rad-core-1-18@uniform,6,44,44,44,0.6591,0.8182,0.6136,0.8182,0.6364,0.8182,0.9773,0.8636,0.8182,0.8182,0.9545,0.9545
null,rad-core-1-18@uniform,9,53,53,53,0.4906,0.4528,0.7358,0.6792,0.6792,0.8868,0.7736,0.8113,0.8491,0.8113,0.7547,0.6981
null,rad-core-1-18@uniform,12,42,42,42,0.9048,0.9286,0.7381,0.7857,0.6667,0.9048,1.0,0.9048,0.9286,0.8571,0.7381,0.8571
triple,rad-core-1-18,15,54,54,,0.4815,,0.7593,,,,0.4074,,0.963,,,
triple,rad-core-1-18,16,50,50,,0.62,,0.72,,,,0.72,,0.74,,,
triple,rad-core-1-18,17,38,38,,0.7632,,0.6579,,,,1.0,,0.9211,,,
triple,rad-core-1-18,18,51,51,,0.9412,,0.6275,,,,0.6078,,0.6667,,,
triple,rad-core-1-18,19,39,39,,0.7692,,0.9744,,,,0.7949,,0.7949,,,
triple,rad-core-1-18,20,29,29,,0.4483,,0.7931,,,,0.8621,,0.9655,,,
triple,rad-core-1-18,21,40,40,,0.95,,0.9,,,,0.85,,0.925,,,
triple,rad-core-1-18,22,41,41,,0.878,,0.5366,,,,0.8293,,0.8049,,,
triple,rad-core-1-18,23,55,55,,0.4,,0.8182,,,,0.5091,,0.6545,,,
triple,rad-core-1-18,24,42,42,,0.8095,,0.6429,,,,0.9524,,0.5238,,,
triple,rad-core-1-18,25,35,35,,0.9143,,0.9714,,,,0.8857,,1.0,,,
triple,rad-core-1-18,26,59,59,,0.7119,,0.7288,,,,0.7119,,0.7797,,,
triple,rad-core-1-18,27,55,55,,0.8545,,0.5636,,,,0.7636,,0.9273,,,
triple,rad-core-1-18,28,45,45,,0.9333,,0.5778,,,,0.9556,,1.0,,,
triple,rad-core-1-18,29,53,53,,0.8491,,0.8302,,,,0.9434,,0.8302,,,
xtriple,rad-core-1-18,15,50,50,,0.6,,0.66,,,,0.62,,0.74,,,
xtriple,rad-core-1-18,16,48,48,,0.5625,,0.8333,,,,0.6875,,0.7708,,,
xtriple,rad-core-1-18,17,38,38,,0.6579,,0.9211,,,,0.5789,,1.0,,,
xtriple,rad-core-1-18,18,39,39,,0.7179,,0.6154,,,,0.7692,,0.9231,,,
xtriple,rad-core-1-18,19,46,46,,0.5652,,0.8478,,,,0.8043,,0.8478,,,
xtriple,rad-core-1-18,20,29,29,,0.7241,,0.5862,,,,0.8276,,0.8621,,,
xtriple,rad-core-1-18,21,52,52,,0.8077,,0.6538,,,,0.7885,,0.5192,,,
xtriple,rad-core-1-18,22,41,41,,0.7317,,0.8537,,,,0.4878,,0.5122,,,
xtriple,rad-core-1-18,23,40,40,,0.775,,0.7,,,,1.0,,0.85,,,
xtriple,rad-core-1-18,24,35,35,,0.7143,,0.8857,,,,0.5143,,0.8,,,
xtriple,rad-core-1-18,25,59,59,,0.6949,,0.7288,,,,0.7119,,0.7966,,,
xtriple,rad-core-1-18,26,42,42,,0.7143,,0.5952,,,,0.881,,0.5714,,,
xtriple,rad-core-1-18,27,56,56,,0.875,,0.4107,,,,0.75,,0.7679,,,
xtriple,rad-core-1-18,28,45,45,,0.8889,,0.7778,,,,0.8889,,0.9111,,,
xtriple,rad-core-1-18,29,53,53,,0.7925,,0.7358,,,,0.8868,,0.8113,,,
null,rad-core-1-18@directed,15,38,38,38,0.8947,0.9474,0.7368,0.7368,0.7632,0.8684,0.6316,0.5789,0.8947,0.9474,0.7895,0.7368
null,rad-core-1-18@directed,18,29,29,29,0.9655,0.8966,0.7586,0.8621,0.7931,0.7586,0.8621,0.931,0.9655,0.931,1.0,0.931
null,rad-core-1-18@directed,21,41,41,41,0.7073,0.7073,0.7317,0.6585,0.6585,0.6098,1.0,0.8537,0.7805,0.6829,0.9268,0.8049
null,rad-core-1-18@directed,24,42,42,42,0.6667,0.5238,0.7619,0.6667,0.6905,0.6429,0.8571,0.7381,0.9286,0.8333,0.9048,0.9048
null,rad-core-1-18@directed,27,45,45,45,0.6444,0.7556,0.7556,0.8,0.5778,0.7111,0.7556,0.7778,0.9111,0.8667,0.9111,0.9333
null,rad-core-1-18@uniform,15,48,48,48,0.8125,0.7708,0.75,0.75,0.5208,0.6667,0.9583,0.8542,0.8125,0.9583,0.8958,0.8958
null,rad-core-1-18@uniform,18,39,39,39,0.6923,0.6923,0.9231,0.6667,0.9744,0.6923,0.9231,1.0,0.8718,0.7949,1.0,0.9744
null,rad-core-1-18@uniform,21,40,40,40,0.65,0.675,0.75,0.425,0.8,0.775,0.9,0.825,0.775,0.6,0.75,0.75
null,rad-core-1-18@uniform,24,35,35,35,0.3714,0.2857,0.9143,0.8286,0.9429,0.9143,0.3714,0.5429,0.9714,0.9714,0.9429,0.9429
null,rad-core-1-18@uniform,27,55,55,55,0.8364,0.8364,0.6364,0.6182,0.7636,0.8,0.7818,0.7636,0.9091,0.7273,0.8909,0.9455
triple,rad-core-12-18,0,50,50,,0.64,,0.9,,,,0.84,,0.96,,,
triple,rad-core-12-18,1,60,60,,0.8333,,0.9667,,,,0.9833,,0.8667,,,
triple,rad-core-12-18,2,58,58,,0.7586,,0.8276,,,,0.8276,,0.8103,,,
triple,rad-core-12-18,3,54,54,,0.6111,,0.6667,,,,0.9444,,0.9074,,,
triple,rad-core-12-18,4,52,52,,0.8269,,0.7308,,,,0.6538,,0.7308,,,
triple,rad-core-12-18,5,43,43,,0.6512,,0.9302,,,,0.4884,,0.8837,,,
triple,rad-core-12-18,6,65,65,,0.7385,,0.7231,,,,0.8308,,0.9231,,,
triple,rad-core-12-18,7,47,47,,0.8085,,0.9787,,,,0.8723,,0.8511,,,
triple,rad-core-12-18,8,28,28,,0.75,,0.7857,,,,0.7857,,1.0,,,
triple,rad-core-12-18,9,85,85,,0.7176,,0.8706,,,,0.8353,,0.8824,,,
triple,rad-core-12-18,10,84,84,,0.4643,,0.7976,,,,0.75,,0.8929,,,
triple,rad-core-12-18,11,44,44,,0.8182,,0.8636,,,,0.9545,,0.7727,,,
triple,rad-core-12-18,12,75,75,,0.7067,,0.7467,,,,0.6533,,0.8267,,,
triple,rad-core-12-18,13,59,59,,0.8136,,0.8136,,,,0.8983,,0.9661,,,
triple,rad-core-12-18,14,52,52,,0.7885,,0.8462,,,,0.7115,,0.8462,,,
xtriple,rad-core-12-18,0,66,66,,0.7121,,0.9242,,,,0.7576,,0.7576,,,
xtriple,rad-core-12-18,1,58,58,,0.7759,,0.7069,,,,0.6724,,0.8276,,,
xtriple,rad-core-12-18,2,50,50,,0.8,,0.84,,,,0.68,,0.78,,,
xtriple,rad-core-12-18,3,52,52,,0.6923,,0.6731,,,,0.8846,,0.8654,,,
xtriple,rad-core-12-18,4,43,43,,0.7674,,0.8605,,,,0.6744,,0.814,,,
xtriple,rad-core-12-18,5,54,54,,0.7593,,0.6852,,,,0.7222,,0.963,,,
xtriple,rad-core-12-18,6,47,47,,0.8936,,0.766,,,,0.9574,,0.8298,,,
xtriple,rad-core-12-18,7,28,28,,0.7143,,0.8929,,,,0.4643,,0.8929,,,
xtriple,rad-core-12-18,8,59,59,,0.5424,,0.6949,,,,0.6102,,0.8814,,,
xtriple,rad-core-12-18,9,93,93,,0.4946,,0.871,,,,0.5269,,0.7527,,,
xtriple,rad-core-12-18,10,44,44,,0.5227,,0.75,,,,0.75,,0.75,,,
xtriple,rad-core-12-18,11,69,69,,0.7391,,0.5507,,,,0.913,,0.7536,,,
xtriple,rad-core-12-18,12,59,59,,0.6949,,0.7797,,,,0.9322,,0.8983,,,
xtriple,rad-core-12-18,13,71,71,,0.7465,,0.7324,,,,0.831,,0.7606,,,
xtriple,rad-core-12-18,14,52,52,,0.8269,,0.7692,,,,0.6923,,0.9808,,,
null,rad-core-12-18@directed,0,60,60,60,0.4833,0.5833,0.95,0.7333,0.9333,0.8333,0.6,0.5333,0.75,0.5833,0.65,0.6833
null,rad-core-12-18@directed,3,55,55,55,0.6727,0.7818,0.7273,0.7818,0.7818,0.7273,0.6727,0.8,0.7091,0.7636,0.9091,0.4909
null,rad-core-12-18@directed,6,53,53,53,0.7736,0.8491,0.6038,0.6226,0.6226,0.5849,0.9434,0.7925,0.7547,0.6415,0.8113,0.6792
null,rad-core-12-18@directed,9,69,69,69,0.5217,0.4348,0.6812,0.3913,0.8551,0.7101,0.7536,0.4638,0.8406,0.4348,0.9565,0.913
null,rad-core-12-18@directed,12,52,52,52,0.5962,0.6154,0.8269,0.8654,0.8269,0.75,0.7308,0.7885,0.8269,0.8654,0.7115,0.7115
null,rad-core-12-18@uniform,0,50,50,50,0.86,0.84,0.78,0.84,0.72,0.94,0.92,0.92,0.64,0.62,0.96,0.94
null,rad-core-12-18@uniform,3,43,43,43,0.6977,0.6744,0.7674,0.7442,0.7907,0.814,0.9767,0.814,0.814,0.7442,0.8837,0.7442
null,rad-core-12-18@uniform,6,28,28,28,0.75,0.7857,0.9286,0.9643,0.7857,0.8571,1.0,0.6786,0.75,0.8214,0.9286,0.9286
null,rad-core-12-18@uniform,9,44,44,44,0.4773,0.8636,0.8864,0.7955,0.8864,0.5909,0.5,0.8409,0.8864,0.7727,0.7727,0.5227
null,rad-core-12-18@uniform,12,59,59,59,0.7288,0.661,0.7627,0.6271,0.7797,0.7119,0.9322,0.9153,0.8475,0.9153,0.8136,0.8814
triple,rad-core-12-18,15,75,75,,0.7067,,0.6933,,,,0.56,,0.8,,,
triple,rad-core-12-18,16,48,48,,0.8125,,0.8958,,,,0.8958,,0.9792,,,
triple,rad-core-12-18,17,53,53,,0.6415,,0.8491,,,,0.8302,,0.9434,,,
triple,rad-core-12-18,18,71,71,,0.8028,,0.5775,,,,0.8169,,0.6056,,,
triple,rad-core-12-18,19,49,49,,0.8571,,0.7755,,,,0.898,,0.9796,,,
triple,rad-core-12-18,20,76,76,,0.7763,,0.6842,,,,0.6184,,0.7895,,,
triple,rad-core-12-18,21,44,44,,0.6591,,0.9773,,,,0.8864,,1.0,,,
triple,rad-core-12-18,22,81,81,,0.7901,,0.6173,,,,0.9753,,0.8765,,,
triple,rad-core-12-18,23,59,59,,0.7288,,0.7966,,,,0.8136,,0.7288,,,
triple,rad-core-12-18,24,72,72,,0.7917,,0.7361,,,,0.625,,0.7083,,,
triple,rad-core-12-18,25,52,52,,0.75,,0.8077,,,,0.8462,,1.0,,,
triple,rad-core-12-18,26,54,54,,0.537,,0.5926,,,,0.6667,,0.4074,,,
triple,rad-core-12-18,27,43,43,,0.7442,,0.814,,,,0.7442,,0.7209,,,
triple,rad-core-12-18,28,48,48,,0.8542,,0.75,,,,0.8542,,0.9583,,,
triple,rad-core-12-18,29,43,43,,0.8372,,0.6977,,,,0.6977,,0.9767,,,
xtriple,rad-core-12-18,15,74,74,,0.6892,,0.5811,,,,0.8514,,0.6216,,,
xtriple,rad-core-12-18,16,48,48,,0.5417,,0.9375,,,,0.7083,,0.8958,,,
xtriple,rad-core-12-18,17,77,77,,0.7273,,0.7532,,,,0.6234,,0.7662,,,
xtriple,rad-core-12-18,18,49,49,,0.9184,,0.5306,,,,0.6735,,0.5918,,,
xtriple,rad-core-12-18,19,69,69,,0.7246,,0.6377,,,,0.8986,,0.8116,,,
xtriple,rad-core-12-18,20,76,76,,0.75,,0.6974,,,,0.7368,,0.8158,,,
xtriple,rad-core-12-18,21,44,44,,0.8864,,0.8409,,,,0.9773,,1.0,,,
xtriple,rad-core-12-18,22,88,88,,0.5682,,0.7159,,,,0.7159,,0.6364,,,
xtriple,rad-core-12-18,23,48,48,,0.5625,,0.7708,,,,0.8333,,0.6667,,,
xtriple,rad-core-12-18,24,52,52,,0.5962,,0.6346,,,,0.7308,,0.8462,,,
xtriple,rad-core-12-18,25,56,56,,0.7679,,0.6964,,,,0.9464,,0.8393,,,
xtriple,rad-core-12-18,26,54,54,,0.4259,,0.7407,,,,0.6852,,0.6667,,,
xtriple,rad-core-12-18,27,64,64,,0.5625,,0.8438,,,,0.7031,,0.9062,,,
xtriple,rad-core-12-18,28,48,48,,0.7083,,0.75,,,,0.6458,,0.6667,,,
xtriple,rad-core-12-18,29,43,43,,0.8605,,0.7907,,,,0.7209,,0.8837,,,
null,rad-core-12-18@directed,15,48,48,48,0.75,0.5625,0.6667,0.8125,0.7083,0.8542,0.9167,0.9375,0.8958,0.8542,0.9375,0.9583
null,rad-core-12-18@directed,18,69,69,69,0.8116,0.913,0.4493,0.6232,0.4783,0.6377,0.913,0.8116,0.6087,0.6957,0.5217,0.7101
null,rad-core-12-18@directed,21,44,44,44,0.75,0.5909,0.7273,0.8182,0.75,0.7727,0.9773,0.7727,0.9545,0.7955,0.7273,0.8636
null,rad-core-12-18@directed,24,54,54,54,0.8704,0.7963,0.6852,0.7593,0.4444,0.6852,0.8889,0.7593,0.7963,0.6852,0.7222,0.7963
null,rad-core-12-18@directed,27,43,43,43,0.8837,0.814,0.6977,0.7442,0.6744,0.7907,0.8372,0.8372,0.7209,0.907,0.5814,0.814
null,rad-core-12-18@uniform,15,53,53,53,0.8113,0.717,0.9245,0.6415,0.9811,0.8679,0.7547,0.8113,0.6604,0.6226,0.8679,0.9434
null,rad-core-12-18@uniform,18,49,49,49,0.8776,0.7143,0.8163,0.5714,0.7959,0.8367,0.9388,1.0,0.7551,0.7959,0.9184,0.898
null,rad-core-12-18@uniform,21,48,48,48,0.9167,0.6667,0.4583,0.4583,0.5833,0.9375,0.9792,0.5417,0.9167,0.7292,0.7292,0.8958
null,rad-core-12-18@uniform,24,52,52,52,0.7115,0.8462,0.7308,0.7692,0.6346,0.5,0.8462,0.8846,0.6731,0.8077,0.5577,0.5577
null,rad-core-12-18@uniform,27,43,43,43,0.7674,0.814,0.7674,0.7907,0.907,0.7442,0.8605,0.814,0.8837,0.8605,0.6977,0.6977
triple,rad-core-17-18,0,60,60,,0.7167,,0.9333,,,,0.6667,,0.7,,,
triple,rad-core-17-18,1,41,41,,0.878,,1.0,,,,0.6585,,1.0,,,
triple,rad-core-17-18,2,58,58,,0.6207,,0.931,,,,0.6897,,0.8793,,,
triple,rad-core-17-18,3,55,55,,0.6909,,0.7818,,,,0.5636,,0.7818,,,
triple,rad-core-17-18,4,48,48,,0.75,,0.75,,,,0.6875,,0.75,,,
triple,rad-core-17-18,5,55,55,,0.8182,,0.8545,,,,0.4364,,0.9818,,,
triple,rad-core-17-18,6,74,74,,0.6081,,0.7027,,,,0.5811,,0.8108,,,
triple,rad-core-17-18,7,59,59,,0.678,,0.8305,,,,0.7288,,0.5424,,,
triple,rad-core-17-18,8,28,28,,0.8571,,0.8214,,,,0.8929,,0.9643,,,
triple,rad-core-17-18,9,73,73,,0.726,,0.6712,,,,0.8493,,0.8493,,,
triple,rad-core-17-18,10,91,91,,0.5165,,0.7363,,,,0.6923,,0.8352,,,
triple,rad-core-17-18,11,47,47,,0.7872,,0.8511,,,,0.9149,,0.766,,,
triple,rad-core-17-18,12,65,65,,0.8308,,0.8308,,,,0.7538,,0.8462,,,
triple,rad-core-17-18,13,59,59,,0.8475,,0.8305,,,,0.8983,,0.9492,,,
triple,rad-core-17-18,14,46,46,,0.8043,,1.0,,,,0.8043,,0.9565,,,
xtriple,rad-core-17-18,0,64,64,,0.5781,,0.9375,,,,0.5312,,0.875,,,
xtriple,rad-core-17-18,1,41,41,,0.8293,,0.8537,,,,0.6829,,0.9756,,,
xtriple,rad-core-17-18,2,60,60,,0.6667,,0.9167,,,,0.5333,,0.7,,,
xtriple,rad-core-17-18,3,48,48,,0.7708,,0.7708,,,,0.6875,,0.7083,,,
xtriple,rad-core-17-18,4,52,52,,0.4615,,0.8269,,,,0.5192,,0.9231,,,
xtriple,rad-core-17-18,5,58,58,,0.6552,,0.7931,,,,0.3621,,0.8793,,,
xtriple,rad-core-17-18,6,78,78,,0.641,,0.641,,,,0.6026,,0.5897,,,
xtriple,rad-core-17-18,7,28,28,,0.6786,,0.8571,,,,0.9286,,0.9286,,,
xtriple,rad-core-17-18,8,57,57,,0.4912,,0.807,,,,0.7193,,0.8596,,,
xtriple,rad-core-17-18,9,89,89,,0.5955,,0.809,,,,0.5169,,0.809,,,
xtriple,rad-core-17-18,10,47,47,,0.5957,,0.9362,,,,0.4894,,0.7447,,,
xtriple,rad-core-17-18,11,69,69,,0.6957,,0.5072,,,,0.9275,,0.5362,,,
xtriple,rad-core-17-18,12,59,59,,0.7288,,0.8305,,,,0.7627,,0.8475,,,
xtriple,rad-core-17-18,13,61,61,,0.8689,,0.8525,,,,0.7705,,0.8197,,,
xtriple,rad-core-17-18,14,46,46,,0.8043,,0.8043,,,,0.8261,,0.9783,,,
null,rad-core-17-18@directed,0,41,41,41,0.7805,0.8537,0.878,0.8537,0.8537,0.9024,0.9024,0.7073,0.7073,0.5854,0.7805,0.878
null,rad-core-17-18@directed,3,52,52,52,0.75,0.8269,0.3654,0.7308,0.5769,0.6538,0.6731,0.6923,0.6346,0.7115,0.7692,0.4615
null,rad-core-17-18@directed,6,57,57,57,0.7719,0.7895,0.5088,0.8772,0.5439,0.7544,0.7895,0.7193,0.5614,0.6316,0.7895,0.6316
null,rad-core-17-18@directed,9,69,69,69,0.6667,0.4638,0.5072,0.3043,0.7101,0.7246,0.5942,0.2754,0.7971,0.3623,0.913,0.913
null,rad-core-17-18@directed,12,46,46,46,0.8261,0.9348,0.7826,0.8913,0.7174,0.8261,0.913,0.7391,0.8913,0.913,0.8043,0.8261
null,rad-core-17-18@uniform,0,58,58,58,0.7069,0.7069,0.8793,0.8621,0.8448,0.8276,0.7069,0.6552,0.931,0.8621,0.931,0.8966
null,rad-core-17-18@uniform,3,48,48,48,0.75,0.8333,0.7292,0.7083,0.75,0.8125,0.8542,0.9167,0.625,0.4792,0.9792,0.9583
null,rad-core-17-18@uniform,6,28,28,28,0.7857,0.9286,0.7857,0.8214,0.8571,0.75,0.9286,0.8571,0.9643,0.7857,0.9643,0.8214
null,rad-core-17-18@uniform,9,47,47,47,0.6383,0.5957,0.9149,0.7021,0.8511,0.7447,0.7872,0.6596,0.8723,0.766,0.7872,0.6809
null,rad-core-17-18@uniform,12,59,59,59,0.7797,0.678,0.8644,0.7797,0.8136,0.7458,0.9492,0.9661,0.8475,0.8814,0.9492,0.9831
triple,rad-core-17-18,15,75,75,,0.7733,,0.76,,,,0.7067,,0.7867,,,
triple,rad-core-17-18,16,48,48,,0.8333,,0.9167,,,,0.8542,,0.8542,,,
triple,rad-core-17-18,17,69,69,,0.6667,,0.9275,,,,0.6232,,0.8116,,,
triple,rad-core-17-18,18,88,88,,0.7273,,0.7273,,,,0.8636,,0.7955,,,
triple,rad-core-17-18,19,50,50,,0.84,,0.8,,,,0.88,,0.98,,,
triple,rad-core-17-18,20,74,74,,0.7162,,0.7432,,,,0.8108,,0.7432,,,
triple,rad-core-17-18,21,40,40,,0.775,,0.975,,,,0.775,,1.0,,,
triple,rad-core-17-18,22,81,81,,0.8395,,0.4568,,,,0.9383,,0.7901,,,
triple,rad-core-17-18,23,59,59,,0.6271,,0.8475,,,,0.8136,,0.8136,,,
triple,rad-core-17-18,24,68,68,,0.6912,,0.5147,,,,0.8235,,0.7206,,,
triple,rad-core-17-18,25,52,52,,0.7308,,0.8462,,,,0.8462,,1.0,,,
triple,rad-core-17-18,26,63,63,,0.5873,,0.6349,,,,0.6984,,0.7143,,,
triple,rad-core-17-18,27,56,56,,0.8571,,0.5536,,,,0.7679,,0.6786,,,
triple,rad-core-17-18,28,41,41,,0.8293,,0.878,,,,0.8049,,1.0,,,
triple,rad-core-17-18,29,43,43,,0.8372,,0.6512,,,,0.7209,,0.9767,,,
xtriple,rad-core-17-18,15,74,74,,0.8108,,0.6622,,,,0.7703,,0.7703,,,
xtriple,rad-core-17-18,16,48,48,,0.5625,,0.9375,,,,0.625,,0.8125,,,
xtriple,rad-core-17-18,17,75,75,,0.6,,0.6933,,,,0.6933,,0.6267,,,
xtriple,rad-core-17-18,18,50,50,,0.62,,0.76,,,,0.72,,0.82,,,
xtriple,rad-core-17-18,19,74,74,,0.7838,,0.6757,,,,0.8243,,0.8378,,,
xtriple,rad-core-17-18,20,74,74,,0.7027,,0.6486,,,,0.7027,,0.7973,,,
xtriple,rad-core-17-18,21,40,40,,0.85,,0.775,,,,0.975,,0.875,,,
xtriple,rad-core-17-18,22,81,81,,0.679,,0.5309,,,,0.8148,,0.6667,,,
xtriple,rad-core-17-18,23,59,59,,0.5254,,0.7797,,,,0.678,,0.8644,,,
xtriple,rad-core-17-18,24,52,52,,0.5769,,0.5962,,,,0.6731,,0.8462,,,
xtriple,rad-core-17-18,25,56,56,,0.7857,,0.75,,,,0.8571,,0.875,,,
xtriple,rad-core-17-18,26,63,63,,0.6825,,0.5556,,,,0.7143,,0.7143,,,
xtriple,rad-core-17-18,27,56,56,,0.6607,,0.8571,,,,0.8571,,0.8393,,,
xtriple,rad-core-17-18,28,41,41,,0.7073,,0.8537,,,,0.8293,,0.7317,,,
xtriple,rad-core-17-18,29,43,43,,0.8837,,0.7674,,,,0.6977,,0.7907,,,
null,rad-core-17-18@directed,15,48,48,48,0.9375,0.9375,0.7292,0.7292,0.7917,0.8542,0.8333,0.9583,0.8958,0.8125,0.7917,0.8958
null,rad-core-17-18@directed,18,74,74,74,0.5946,0.5811,0.6486,0.6351,0.6351,0.6351,0.8514,0.8378,0.7838,0.6622,0.7973,0.6216
null,rad-core-17-18@directed,21,40,40,40,0.775,0.725,0.875,0.85,0.85,0.8,0.75,0.6,0.975,0.8,0.975,0.95
null,rad-core-17-18@directed,24,56,56,56,0.9107,0.6429,0.7321,0.7143,0.5893,0.6786,0.8571,0.6964,0.8393,0.7321,0.7321,0.7679
null,rad-core-17-18@directed,27,41,41,41,0.9024,0.7561,0.7317,0.7073,0.6585,0.8293,0.878,0.878,0.561,0.9268,0.6829,0.8293
null,rad-core-17-18@uniform,15,69,69,69,0.8261,0.6522,0.6087,0.6232,0.6522,0.8696,0.6812,0.6087,0.6522,0.5072,0.7391,0.8261
null,rad-core-17-18@uniform,18,50,50,50,0.68,0.84,0.74,0.88,0.84,0.88,0.78,0.88,0.74,0.76,0.9,0.86
null,rad-core-17-18@uniform,21,62,62,62,0.8871,0.6774,0.4355,0.4839,0.5,0.9194,1.0,0.9516,0.8226,0.9032,0.6935,0.7742
null,rad-core-17-18@uniform,24,52,52,52,0.6154,0.6154,0.6731,0.6923,0.75,0.6731,0.6154,0.7115,0.8462,0.8462,0.9038,0.6731
null,rad-core-17-18@uniform,27,56,56,56,0.7321,0.75,0.9107,0.7321,0.7321,0.6786,0.8036,0.875,0.9107,0.875,0.6607,0.6607
triple,rad-core-33,0,98,98,,0.3469,,0.3673,,,,0.8673,,0.3163,,,
triple,rad-core-33,1,49,49,,0.1837,,0.9592,,,,0.898,,0.9592,,,
triple,rad-core-33,2,97,97,,0.299,,0.6701,,,,0.9691,,0.7938,,,
triple,rad-core-33,3,114,114,,0.5,,0.4474,,,,0.9561,,0.193,,,
triple,rad-core-33,4,74,74,,0.3649,,0.527,,,,0.9324,,0.2027,,,
triple,rad-core-33,5,71,71,,0.4789,,0.5211,,,,0.9577,,0.2958,,,
triple,rad-core-33,6,60,60,,0.6167,,0.6667,,,,0.9667,,0.6833,,,
triple,rad-core-33,7,76,76,,0.6316,,0.6974,,,,0.9605,,0.8553,,,
triple,rad-core-33,8,86,86,,0.6512,,0.8256,,,,0.8837,,0.3256,,,
triple,rad-core-33,9,95,95,,0.2737,,0.3263,,,,0.8,,0.2632,,,
triple,rad-core-33,10,86,86,,0.6047,,0.3488,,,,0.9535,,0.3488,,,
triple,rad-core-33,11,66,66,,0.6061,,0.8333,,,,0.9848,,0.4545,,,
triple,rad-core-33,12,100,100,,0.47,,0.49,,,,0.85,,0.28,,,
triple,rad-core-33,13,93,93,,0.1505,,0.6559,,,,0.9785,,0.3011,,,
triple,rad-core-33,14,88,88,,0.4545,,0.3295,,,,0.9659,,0.3068,,,
xtriple,rad-core-33,0,49,49,,0.3265,,0.8367,,,,0.9592,,0.8367,,,
xtriple,rad-core-33,1,101,101,,0.297,,0.6634,,,,0.8218,,0.7129,,,
xtriple,rad-core-33,2,97,97,,0.3505,,0.3918,,,,0.9691,,0.2371,,,
xtriple,rad-core-33,3,74,74,,0.3784,,0.5676,,,,0.9595,,0.1892,,,
xtriple,rad-core-33,4,71,71,,0.5493,,0.5493,,,,0.9859,,0.3239,,,
xtriple,rad-core-33,5,114,114,,0.3947,,0.386,,,,0.886,,0.2105,,,
xtriple,rad-core-33,6,60,60,,0.5333,,0.6167,,,,1.0,,0.8167,,,
xtriple,rad-core-33,7,98,98,,0.4388,,0.5918,,,,0.7959,,0.2653,,,
xtriple,rad-core-33,8,74,74,,0.2162,,0.5676,,,,0.8378,,0.3378,,,
xtriple,rad-core-33,9,86,86,,0.4535,,0.5233,,,,0.8721,,0.314,,,
xtriple,rad-core-33,10,66,66,,0.3788,,0.7273,,,,0.9848,,0.6364,,,
xtriple,rad-core-33,11,82,82,,0.5244,,0.3415,,,,0.6829,,0.2927,,,
xtriple,rad-core-33,12,93,93,,0.3978,,0.4301,,,,0.8817,,0.3441,,,
xtriple,rad-core-33,13,88,88,,0.3977,,0.4432,,,,1.0,,0.2614,,,
xtriple,rad-core-33,14,100,100,,0.5,,0.39,,,,0.9,,0.15,,,
null,rad-core-33@directed,0,97,97,97,0.4124,0.6495,0.433,0.567,0.433,0.5979,0.866,0.866,0.3918,0.8557,0.2474,0.9278
null,rad-core-33@directed,3,105,105,105,0.5714,0.5143,0.5524,0.4952,0.3238,0.4762,0.8952,0.8857,0.9048,0.8476,0.7905,0.7524
null,rad-core-33@directed,6,60,60,60,0.6167,0.7167,0.6,0.6167,0.5667,0.4667,1.0,0.95,0.7333,0.8333,0.8333,0.8667
null,rad-core-33@directed,9,82,82,82,0.3415,0.5854,0.5732,0.2683,0.8415,0.5732,0.8171,0.3049,0.9268,0.2073,0.9146,0.7073
null,rad-core-33@directed,12,101,101,101,0.3069,0.5149,0.2178,0.2673,0.3069,0.3465,0.5743,0.5743,0.9604,0.901,0.8515,0.8218
null,rad-core-33@uniform,0,49,49,49,0.2653,0.5102,0.8163,0.8571,0.6735,0.6939,0.3061,0.3265,0.9184,0.9388,0.9796,0.898
null,rad-core-33@uniform,3,71,71,71,0.493,0.6338,0.4225,0.6761,0.4085,0.6197,0.8732,0.9296,0.8592,1.0,0.6056,0.7606
null,rad-core-33@uniform,6,74,74,74,0.7027,0.7432,0.6351,0.6486,0.6892,0.7432,0.8108,0.8919,0.8649,0.7973,0.9595,0.7162
null,rad-core-33@uniform,9,66,66,66,0.803,0.4242,0.2273,0.2727,0.697,0.8182,0.8182,0.7576,0.8939,0.8636,0.8485,0.8788
null,rad-core-33@uniform,12,88,88,88,0.5795,0.4659,0.5909,0.6477,0.5455,0.5795,0.3182,0.9886,0.8295,0.8182,0.9205,0.8409
triple,rad-core-33,15,77,77,,0.7922,,0.2727,,,,0.7922,,0.1818,,,
triple,rad-core-33,16,114,114,,0.2193,,0.5263,,,,0.9211,,0.2544,,,
triple,rad-core-33,17,93,93,,0.4946,,0.4731,,,,0.9355,,0.3226,,,
triple,rad-core-33,18,93,93,,0.5054,,0.2151,,,,0.7742,,0.2151,,,
triple,rad-core-33,19,89,89,,0.3708,,0.618,,,,0.9213,,0.7191,,,
triple,rad-core-33,20,104,104,,0.5192,,0.3269,,,,0.9231,,0.2692,,,
triple,rad-core-33,21,86,86,,0.3023,,0.6512,,,,0.4302,,0.814,,,
triple,rad-core-33,22,94,94,,0.2979,,0.2872,,,,0.9787,,0.2128,,,
triple,rad-core-33,23,105,105,,0.5048,,0.4476,,,,0.8667,,0.4381,,,
triple,rad-core-33,24,90,90,,0.3556,,0.4,,,,0.8667,,0.1556,,,
triple,rad-core-33,25,103,103,,0.3883,,0.3883,,,,0.8544,,0.2621,,,
triple,rad-core-33,26,96,96,,0.4062,,0.2188,,,,0.8125,,0.125,,,
triple,rad-core-33,27,77,77,,0.2597,,0.7013,,,,0.6364,,0.2857,,,
triple,rad-core-33,28,103,103,,0.5437,,0.3398,,,,0.9709,,0.233,,,
triple,rad-core-33,29,92,92,,0.587,,0.5652,,,,0.9674,,0.3152,,,
xtriple,rad-core-33,15,77,77,,0.4805,,0.3636,,,,0.8052,,0.4026,,,
xtriple,rad-core-33,16,102,102,,0.3529,,0.2843,,,,1.0,,0.3235,,,
xtriple,rad-core-33,17,93,93,,0.4839,,0.2796,,,,0.871,,0.1505,,,
xtriple,rad-core-33,18,121,121,,0.405,,0.3388,,,,0.7769,,0.438,,,
xtriple,rad-core-33,19,89,89,,0.5056,,0.2921,,,,0.9213,,0.2247,,,
xtriple,rad-core-33,20,93,93,,0.4409,,0.4409,,,,0.9785,,0.2366,,,
xtriple,rad-core-33,21,94,94,,0.2766,,0.3191,,,,0.8936,,0.1489,,,
xtriple,rad-core-33,22,114,114,,0.4035,,0.3684,,,,1.0,,0.3947,,,
xtriple,rad-core-33,23,86,86,,0.1744,,0.7442,,,,0.0814,,0.8721,,,
xtriple,rad-core-33,24,90,90,,0.4556,,0.3667,,,,0.9222,,0.3444,,,
xtriple,rad-core-33,25,102,102,,0.4118,,0.4608,,,,0.7941,,0.1373,,,
xtriple,rad-core-33,26,96,96,,0.5729,,0.1146,,,,0.8542,,0.1042,,,
xtriple,rad-core-33,27,77,77,,0.7013,,0.5455,,,,0.7273,,0.3377,,,
xtriple,rad-core-33,28,125,125,,0.28,,0.64,,,,0.856,,0.328,,,
xtriple,rad-core-33,29,82,82,,0.378,,0.3537,,,,0.9756,,0.2927,,,
null,rad-core-33@directed,15,77,77,77,0.6753,0.6364,0.2857,0.4156,0.4935,0.5714,0.7532,0.8312,0.3117,0.8961,0.7532,0.9351
null,rad-core-33@directed,18,89,89,89,0.5955,0.5843,0.3258,0.4045,0.3258,0.618,0.8315,0.7753,0.3371,0.382,0.809,0.9438
null,rad-core-33@directed,21,105,105,105,0.6857,0.5619,0.2476,0.4095,0.2667,0.5524,0.8571,0.8381,0.1048,0.8667,0.2286,0.9048
null,rad-core-33@directed,24,90,90,90,0.5444,0.2667,0.3222,0.3111,0.3556,0.5778,0.7778,0.6,0.9556,0.3,0.8333,0.8444
null,rad-core-33@directed,27,77,77,77,0.6623,0.7013,0.5325,0.3377,0.5974,0.5974,0.7922,0.7403,1.0,0.9091,0.9351,0.7662
null,rad-core-33@uniform,15,102,102,102,0.5,0.402,0.402,0.7255,0.3529,0.402,0.9706,0.7157,0.8431,0.7647,0.7941,0.7451
null,rad-core-33@uniform,18,93,93,93,0.3441,0.6344,0.5699,0.5484,0.4516,0.3548,0.9355,0.9892,0.9677,0.9892,0.871,0.8925
null,rad-core-33@uniform,21,86,86,86,0.5581,0.7907,0.314,0.5581,0.2326,0.2907,0.9767,0.9535,0.1395,0.8953,0.1744,0.9186
null,rad-core-33@uniform,24,102,102,102,0.3333,0.3039,0.4216,0.5882,0.3627,0.3824,0.8333,0.8529,0.9412,0.951,0.8333,0.9118
null,rad-core-33@uniform,27,82,82,82,0.7317,0.4634,0.2073,0.3415,0.561,0.7561,0.939,0.9634,0.9268,0.8171,0.9512,0.9756
triple,rad-core-45,0,47,47,,0.6596,,0.9149,,,,0.8085,,0.9362,,,
triple,rad-core-45,1,40,40,,0.625,,0.925,,,,1.0,,0.85,,,
triple,rad-core-45,2,40,40,,0.8,,0.625,,,,1.0,,0.925,,,
triple,rad-core-45,3,45,45,,0.8222,,0.6667,,,,0.9778,,0.8889,,,
triple,rad-core-45,4,44,44,,0.6591,,0.7955,,,,0.9318,,1.0,,,
triple,rad-core-45,5,26,26,,0.7692,,0.8846,,,,0.8077,,1.0,,,
triple,rad-core-45,6,46,46,,0.7609,,0.8478,,,,0.9783,,0.9783,,,
triple,rad-core-45,7,38,38,,0.8421,,0.6053,,,,0.9737,,0.9737,,,
triple,rad-core-45,8,46,46,,0.7391,,0.6739,,,,0.913,,0.9348,,,
triple,rad-core-45,9,49,49,,0.9388,,0.8163,,,,0.6531,,0.5306,,,
triple,rad-core-45,10,44,44,,0.8409,,0.8636,,,,0.9318,,1.0,,,
triple,rad-core-45,11,48,48,,0.6458,,0.7917,,,,0.9583,,1.0,,,
triple,rad-core-45,12,25,25,,0.88,,0.68,,,,1.0,,1.0,,,
triple,rad-core-45,13,48,48,,0.6458,,0.7708,,,,0.6875,,0.8958,,,
triple,rad-core-45,14,45,45,,0.7556,,0.7333,,,,0.9333,,0.9778,,,
xtriple,rad-core-45,0,40,40,,0.625,,0.95,,,,0.95,,0.925,,,
xtriple,rad-core-45,1,40,40,,0.825,,0.725,,,,1.0,,0.975,,,
xtriple,rad-core-45,2,50,50,,0.82,,0.7,,,,0.96,,0.88,,,
xtriple,rad-core-45,3,44,44,,0.8409,,0.75,,,,0.9545,,0.5455,,,
xtriple,rad-core-45,4,26,26,,0.8077,,0.8462,,,,1.0,,0.9615,,,
xtriple,rad-core-45,5,45,45,,0.5556,,0.7778,,,,0.8667,,1.0,,,
xtriple,rad-core-45,6,38,38,,0.8421,,0.7105,,,,1.0,,0.8684,,,
xtriple,rad-core-45,7,52,52,,0.6731,,0.75,,,,0.9423,,0.9038,,,
xtriple,rad-core-45,8,46,46,,0.6522,,0.8913,,,,0.6957,,0.8913,,,
xtriple,rad-core-45,9,44,44,,0.5227,,0.9091,,,,0.9773,,0.9091,,,
xtriple,rad-core-45,10,55,55,,0.6909,,0.7273,,,,0.8727,,0.9273,,,
xtriple,rad-core-45,11,48,48,,0.9167,,0.7083,,,,0.875,,0.625,,,
xtriple,rad-core-45,12,25,25,,0.88,,0.96,,,,1.0,,0.92,,,
xtriple,rad-core-45,13,45,45,,0.8889,,0.5333,,,,0.9778,,0.8889,,,
xtriple,rad-core-45,14,35,35,,0.5714,,0.6571,,,,0.4857,,0.8857,,,
null,rad-core-45@directed,0,47,47,47,0.5532,0.6383,0.8298,0.7021,0.9362,0.7447,0.9574,1.0,0.9362,0.9362,0.9787,0.9787
null,rad-core-45@directed,3,52,52,52,0.9038,0.9038,0.6538,0.8077,0.5769,0.8269,1.0,1.0,0.7308,0.9423,0.2692,0.7885
null,rad-core-45@directed,6,46,46,46,0.7174,0.7391,0.7174,0.6522,0.5435,0.5217,1.0,0.9783,0.8696,1.0,0.7826,0.913
null,rad-core-45@directed,9,48,48,48,0.6667,0.6458,0.8333,0.875,0.7708,0.625,0.9583,1.0,0.9375,0.9792,0.9375,0.9583
null,rad-core-45@directed,12,25,25,25,0.84,0.88,0.8,0.8,0.84,0.6,0.96,0.84,0.88,1.0,0.76,0.88
null,rad-core-45@uniform,0,40,40,40,0.625,0.7,0.925,0.9,0.775,0.6,1.0,1.0,0.975,1.0,0.95,1.0
null,rad-core-45@uniform,3,26,26,26,0.6923,0.6154,0.6154,0.6154,0.6923,0.7308,0.9231,0.9615,0.9615,1.0,1.0,1.0
null,rad-core-45@uniform,6,38,38,38,0.8947,0.7632,0.6053,0.5789,0.7632,0.8684,1.0,0.9474,0.7895,0.8947,0.8421,0.8421
null,rad-core-45@uniform,9,44,44,44,0.7955,0.6136,0.9545,0.7273,0.8636,0.6818,0.7273,0.5682,1.0,0.9545,0.9091,0.9773
null,rad-core-45@uniform,12,35,35,35,0.6286,0.7714,0.6571,0.7714,0.6857,0.6286,0.7429,0.9429,1.0,1.0,0.9143,0.6571
triple,rad-core-45,15,50,50,,0.76,,0.86,,,,0.96,,0.86,,,
triple,rad-core-45,16,46,46,,0.9348,,0.7826,,,,0.9348,,0.8043,,,
triple,rad-core-45,17,49,49,,0.6327,,0.7551,,,,0.9592,,1.0,,,
triple,rad-core-45,18,36,36,,0.9722,,0.6667,,,,0.8611,,0.8889,,,
triple,rad-core-45,19,43,43,,0.6977,,0.7674,,,,0.9767,,0.907,,,
triple,rad-core-45,20,39,39,,0.7949,,0.7949,,,,0.7692,,0.9487,,,
triple,rad-core-45,21,34,34,,0.8529,,0.7059,,,,0.8824,,0.9412,,,
triple,rad-core-45,22,44,44,,0.75,,0.6136,,,,0.9318,,0.8182,,,
triple,rad-core-45,23,48,48,,0.7292,,0.8125,,,,1.0,,0.9792,,,
triple,rad-core-45,24,51,51,,0.7059,,0.7059,,,,0.9804,,0.8235,,,
triple,rad-core-45,25,38,38,,0.8158,,0.7895,,,,0.8947,,0.9737,,,
triple,rad-core-45,26,40,40,,0.875,,0.8,,,,1.0,,1.0,,,
triple,rad-core-45,27,43,43,,0.8837,,0.7442,,,,1.0,,0.6279,,,
triple,rad-core-45,28,39,39,,0.8205,,0.5128,,,,0.8974,,1.0,,,
triple,rad-core-45,29,34,34,,0.7353,,0.8529,,,,0.9706,,1.0,,,
xtriple,rad-core-45,15,46,46,,0.7826,,0.6957,,,,0.7826,,1.0,,,
xtriple,rad-core-45,16,49,49,,0.8367,,0.6122,,,,0.9388,,0.449,,,
xtriple,rad-core-45,17,49,49,,0.6327,,0.8776,,,,0.9388,,0.7755,,,
xtriple,rad-core-45,18,49,49,,0.5714,,0.7551,,,,0.7143,,0.9592,,,
xtriple,rad-core-45,19,43,43,,0.7209,,0.5349,,,,0.9767,,0.5814,,,
xtriple,rad-core-45,20,36,36,,0.8333,,0.6667,,,,0.8611,,0.9444,,,
xtriple,rad-core-45,21,34,34,,0.9118,,0.6471,,,,0.9706,,0.8529,,,
xtriple,rad-core-45,22,44,44,,0.7273,,0.8409,,,,0.8864,,0.9545,,,
xtriple,rad-core-45,23,40,40,,0.725,,0.9,,,,0.85,,0.975,,,
xtriple,rad-core-45,24,38,38,,0.6053,,0.7368,,,,0.8421,,0.9474,,,
xtriple,rad-core-45,25,40,40,,0.725,,0.75,,,,1.0,,0.925,,,
xtriple,rad-core-45,26,40,40,,0.75,,0.775,,,,0.925,,0.85,,,
xtriple,rad-core-45,27,39,39,,0.6923,,0.8205,,,,0.9744,,0.7949,,,
xtriple,rad-core-45,28,42,42,,0.6905,,0.4762,,,,0.8095,,0.9762,,,
xtriple,rad-core-45,29,34,34,,0.9118,,0.6176,,,,1.0,,0.7941,,,
null,rad-core-45@directed,15,49,49,49,0.6327,0.8571,0.8163,0.8367,0.7143,0.7143,0.9184,0.9796,0.9592,0.9592,0.9388,0.8367
null,rad-core-45@directed,18,39,39,39,0.6923,0.6667,0.7949,0.7949,0.8718,0.6923,0.7949,0.9744,0.9744,0.9487,0.8974,0.7949
null,rad-core-45@directed,21,34,34,34,0.9118,0.9118,0.6765,0.8824,0.6471,0.8529,1.0,1.0,1.0,1.0,0.9706,1.0
null,rad-core-45@directed,24,40,40,40,0.675,0.65,0.675,0.75,0.75,0.825,1.0,1.0,1.0,1.0,0.925,0.925
null,rad-core-45@directed,27,34,34,34,0.6471,0.7941,0.9706,0.7353,0.9118,0.5882,0.9706,0.9706,0.9706,0.9706,1.0,1.0
null,rad-core-45@uniform,15,46,46,46,0.8913,0.8696,0.6304,0.6957,0.6957,0.6957,0.7826,0.8478,0.9783,1.0,1.0,0.6304
null,rad-core-45@uniform,18,36,36,36,0.3333,0.7222,0.8611,0.8611,0.7778,0.3889,0.6944,1.0,1.0,1.0,0.5278,0.4167
null,rad-core-45@uniform,21,40,40,40,0.925,0.85,0.8,0.8,0.8,0.85,1.0,0.975,0.9,0.875,0.725,0.85
null,rad-core-45@uniform,24,38,38,38,0.7632,0.7895,0.7632,0.7368,0.8158,0.7105,0.6053,0.5789,1.0,0.8684,1.0,1.0
null,rad-core-45@uniform,27,39,39,39,0.6667,0.4359,0.8974,0.6667,0.9487,0.8718,0.8718,0.3077,1.0,0.3077,1.0,0.9744
triple,rad-core-55,0,44,44,,0.8182,,0.5682,,,,0.9773,,1.0,,,
triple,rad-core-55,1,46,46,,0.7174,,0.7609,,,,0.9783,,1.0,,,
triple,rad-core-55,2,48,48,,0.4583,,0.8958,,,,0.5208,,0.9167,,,
triple,rad-core-55,3,33,33,,0.6667,,0.8485,,,,0.9394,,1.0,,,
triple,rad-core-55,4,42,42,,0.619,,0.8571,,,,0.9524,,1.0,,,
triple,rad-core-55,5,45,45,,0.6222,,0.9556,,,,0.1778,,1.0,,,
triple,rad-core-55,6,54,54,,0.5556,,0.6852,,,,1.0,,1.0,,,
triple,rad-core-55,7,37,37,,0.4595,,0.7297,,,,0.6757,,1.0,,,
triple,rad-core-55,8,34,34,,0.8529,,0.9706,,,,0.9118,,0.9706,,,
triple,rad-core-55,9,47,47,,0.6383,,0.766,,,,0.6809,,0.6809,,,
triple,rad-core-55,10,69,69,,0.7101,,0.7536,,,,0.971,,0.8116,,,
triple,rad-core-55,11,44,44,,0.8409,,0.7955,,,,1.0,,1.0,,,
triple,rad-core-55,12,42,42,,0.5476,,0.6667,,,,0.9524,,0.9048,,,
triple,rad-core-55,13,60,60,,0.6833,,0.6667,,,,0.7333,,0.8333,,,
triple,rad-core-55,14,63,63,,0.5873,,0.5397,,,,0.9365,,0.9524,,,
xtriple,rad-core-55,0,51,51,,0.8039,,0.549,,,,0.9804,,0.902,,,
xtriple,rad-core-55,1,46,46,,0.4783,,0.8478,,,,0.5435,,1.0,,,
xtriple,rad-core-55,2,44,44,,0.5909,,0.8636,,,,0.7955,,0.9318,,,
xtriple,rad-core-55,3,42,42,,0.7381,,0.8333,,,,1.0,,1.0,,,
xtriple,rad-core-55,4,42,42,,0.6667,,0.9048,,,,0.619,,1.0,,,
xtriple,rad-core-55,5,33,33,,0.6061,,0.9697,,,,0.1818,,0.9394,,,
xtriple,rad-core-55,6,37,37,,0.5135,,0.7027,,,,0.7838,,1.0,,,
xtriple,rad-core-55,7,34,34,,0.7059,,0.8235,,,,0.8824,,0.9706,,,
xtriple,rad-core-55,8,53,53,,0.6792,,0.7358,,,,0.8868,,0.9811,,,
xtriple,rad-core-55,9,71,71,,0.493,,0.662,,,,0.9155,,0.8592,,,
xtriple,rad-core-55,10,44,44,,0.6364,,0.8636,,,,0.8864,,1.0,,,
xtriple,rad-core-55,11,47,47,,0.6383,,0.7234,,,,0.9574,,0.7021,,,
xtriple,rad-core-55,12,60,60,,0.75,,0.5333,,,,0.55,,0.85,,,
xtriple,rad-core-55,13,63,63,,0.5238,,0.7619,,,,1.0,,0.9206,,,
xtriple,rad-core-55,14,42,42,,0.5952,,0.7381,,,,0.9762,,0.9048,,,
null,rad-core-55@directed,0,46,46,46,0.913,0.7826,0.4783,0.7174,0.5,0.8043,1.0,0.9783,0.6304,0.9565,0.7609,1.0
null,rad-core-55@directed,3,42,42,42,0.7381,0.8333,0.7381,0.8333,0.5,0.4762,0.8333,0.9524,0.881,0.9048,0.3571,0.881
null,rad-core-55@directed,6,53,53,53,0.5849,0.6226,0.6792,0.8302,0.6981,0.6981,1.0,0.7547,0.7736,0.7925,0.8491,0.9057
null,rad-core-55@directed,9,63,63,63,0.4921,0.4762,0.6984,0.619,0.6032,0.7302,0.619,0.381,0.9206,0.7937,0.9365,0.9524
null,rad-core-55@directed,12,71,71,71,0.6197,0.5352,0.5211,0.4225,0.7183,0.6338,0.9155,0.9718,0.9296,0.9577,0.7746,0.8732
null,rad-core-55@uniform,0,44,44,44,0.8864,0.7273,0.5909,0.6818,0.7273,0.8636,1.0,0.9773,0.8636,0.8182,0.9545,0.9773
null,rad-core-55@uniform,3,33,33,33,0.7576,0.7879,0.8182,0.7273,0.8182,0.7879,1.0,0.9394,0.9394,0.9091,1.0,1.0
null,rad-core-55@uniform,6,34,34,34,0.6471,0.7941,0.4706,0.7647,0.7353,0.8235,0.9412,0.9706,1.0,1.0,0.9118,0.9412
null,rad-core-55@uniform,9,44,44,44,0.8182,0.7273,0.8409,0.7045,0.7727,0.75,0.6818,0.6818,0.9545,0.9318,1.0,1.0
null,rad-core-55@uniform,12,42,42,42,0.8095,0.6667,0.5,0.4762,0.619,0.8095,0.9048,0.9524,0.9286,0.9762,0.9286,0.8333
triple,rad-core-55,15,74,74,,0.5,,0.8243,,,,0.3514,,0.9459,,,
triple,rad-core-55,16,35,35,,0.4571,,0.9429,,,,0.8,,0.9143,,,
triple,rad-core-55,17,49,49,,0.551,,0.7755,,,,0.449,,1.0,,,
triple,rad-core-55,18,56,56,,0.7321,,0.6607,,,,0.9821,,0.9643,,,
triple,rad-core-55,19,64,64,,0.5938,,0.6406,,,,0.9688,,0.9375,,,
triple,rad-core-55,20,51,51,,0.8039,,0.8235,,,,0.8627,,0.7451,,,
triple,rad-core-55,21,29,29,,0.5517,,0.931,,,,1.0,,0.8276,,,
triple,rad-core-55,22,57,57,,0.7544,,0.8246,,,,0.7193,,0.614,,,
triple,rad-core-55,23,71,71,,0.7042,,0.5634,,,,0.9155,,0.4366,,,
triple,rad-core-55,24,57,57,,0.5965,,0.7719,,,,0.9298,,0.8246,,,
triple,rad-core-55,25,46,46,,0.6087,,0.6739,,,,0.8043,,1.0,,,
triple,rad-core-55,26,79,79,,0.5316,,0.7595,,,,0.3671,,0.6835,,,
triple,rad-core-55,27,31,31,,0.8065,,0.871,,,,0.9032,,0.8065,,,
triple,rad-core-55,28,50,50,,0.8,,0.56,,,,1.0,,0.74,,,
triple,rad-core-55,29,64,64,,0.7031,,0.5781,,,,0.8438,,0.9219,,,
xtriple,rad-core-55,15,35,35,,0.4857,,0.9143,,,,0.8,,0.9143,,,
xtriple,rad-core-55,16,49,49,,0.449,,0.8571,,,,0.4694,,0.9184,,,
xtriple,rad-core-55,17,57,57,,0.4386,,0.807,,,,0.4211,,0.9474,,,
xtriple,rad-core-55,18,65,65,,0.6615,,0.7077,,,,0.9231,,0.9385,,,
xtriple,rad-core-55,19,51,51,,0.7451,,0.8627,,,,0.5882,,0.7647,,,
xtriple,rad-core-55,20,56,56,,0.625,,0.5893,,,,0.9821,,1.0,,,
xtriple,rad-core-55,21,68,68,,0.4559,,0.6618,,,,0.3676,,0.6176,,,
xtriple,rad-core-55,22,57,57,,0.7544,,0.6491,,,,0.9123,,0.8947,,,
xtriple,rad-core-55,23,29,29,,0.7241,,0.7241,,,,1.0,,0.9655,,,
xtriple,rad-core-55,24,57,57,,0.6842,,0.7018,,,,0.7368,,0.9649,,,
xtriple,rad-core-55,25,46,46,,0.8696,,0.7391,,,,0.9783,,0.6739,,,
xtriple,rad-core-55,26,57,57,,0.4211,,0.8421,,,,0.4035,,0.9474,,,
xtriple,rad-core-55,27,50,50,,0.82,,0.64,,,,0.88,,0.64,,,
xtriple,rad-core-55,28,74,74,,0.5811,,0.7027,,,,0.9324,,0.8919,,,
xtriple,rad-core-55,29,31,31,,0.871,,0.7419,,,,0.9677,,0.9677,,,
null,rad-core-55@directed,15,57,57,57,0.7719,0.614,0.5614,0.6316,0.5263,0.7018,0.8772,0.9649,0.8246,0.8246,0.9825,0.6842
null,rad-core-55@directed,18,64,64,64,0.6562,0.6406,0.625,0.6562,0.6562,0.5938,0.8438,1.0,0.9375,1.0,0.9688,1.0
null,rad-core-55@directed,21,57,57,57,0.4386,0.4211,0.7368,0.614,0.6667,0.7193,0.8421,0.7544,0.8596,0.8947,0.9474,0.9474
null,rad-core-55@directed,24,46,46,46,0.7391,0.8913,0.8043,0.8913,0.3696,0.5217,0.9565,0.8913,0.9565,1.0,0.587,0.9783
null,rad-core-55@directed,27,56,56,56,0.6607,0.5536,0.8571,0.625,0.8929,0.9107,0.7679,0.7321,0.8036,0.8393,0.9286,0.7857
null,rad-core-55@uniform,15,35,35,35,0.8286,0.8571,0.7143,0.8,0.7143,0.7429,0.8286,1.0,0.9714,0.7143,0.9714,0.9429
null,rad-core-55@uniform,18,51,51,51,0.6078,0.7451,0.7647,0.8431,0.7255,0.7059,0.9804,0.4706,0.9804,0.5098,0.7647,0.6667
null,rad-core-55@uniform,21,29,29,29,0.6552,0.7931,0.6552,0.8621,0.6897,0.6552,0.7241,0.931,0.5172,0.4828,0.8621,0.1724
null,rad-core-55@uniform,24,57,57,57,0.6491,0.7193,0.5965,0.6667,0.5614,0.7368,0.9298,0.9298,0.9474,0.9474,0.7544,0.8246
null,rad-core-55@uniform,27,31,31,31,0.8065,0.7097,0.6452,0.4839,0.5806,0.6774,0.9355,0.8065,0.6129,0.9032,0.9355,1.0
triple,rad-core-61,0,72,72,,0.4722,,0.375,,,,0.9028,,0.6389,,,
triple,rad-core-61,1,69,69,,0.6522,,0.5652,,,,0.7971,,0.9855,,,
triple,rad-core-61,2,76,76,,0.4474,,0.1974,,,,0.8553,,0.5526,,,
triple,rad-core-61,3,66,66,,0.3788,,0.7273,,,,0.8788,,0.8333,,,
triple,rad-core-61,4,80,80,,0.675,,0.3875,,,,1.0,,0.9375,,,
triple,rad-core-61,5,74,74,,0.2297,,0.5135,,,,0.9189,,0.6081,,,
triple,rad-core-61,6,55,55,,0.4364,,0.7273,,,,0.8364,,0.9273,,,
triple,rad-core-61,7,72,72,,0.7361,,0.2917,,,,0.6389,,0.7778,,,
triple,rad-core-61,8,68,68,,0.2353,,0.6176,,,,0.4853,,0.8971,,,
triple,rad-core-61,9,76,76,,0.0658,,0.5263,,,,0.2895,,0.5789,,,
triple,rad-core-61,10,84,84,,0.381,,0.5,,,,0.7381,,0.8452,,,
triple,rad-core-61,11,68,68,,0.5294,,0.4706,,,,0.8088,,0.7647,,,
triple,rad-core-61,12,66,66,,0.4394,,0.3788,,,,1.0,,0.7273,,,
triple,rad-core-61,13,79,79,,0.1392,,0.481,,,,0.8354,,0.5949,,,
triple,rad-core-61,14,61,61,,0.459,,0.2623,,,,0.4754,,0.6393,,,
xtriple,rad-core-61,0,74,74,,0.4595,,0.4324,,,,0.8378,,0.5946,,,
xtriple,rad-core-61,1,69,69,,0.4058,,0.1014,,,,0.7391,,0.6232,,,
xtriple,rad-core-61,2,72,72,,0.1806,,0.2778,,,,0.4167,,0.8611,,,
xtriple,rad-core-61,3,80,80,,0.2875,,0.2375,,,,0.5375,,0.6375,,,
xtriple,rad-core-61,4,74,74,,0.1216,,0.4324,,,,1.0,,0.5946,,,
xtriple,rad-core-61,5,66,66,,0.1364,,0.3636,,,,0.5758,,0.803,,,
xtriple,rad-core-61,6,65,65,,0.2308,,0.2308,,,,0.7692,,0.6769,,,
xtriple,rad-core-61,7,68,68,,0.6176,,0.3676,,,,0.7353,,0.8676,,,
xtriple,rad-core-61,8,55,55,,0.0727,,0.3636,,,,0.4909,,0.9818,,,
xtriple,rad-core-61,9,79,79,,0.3418,,0.3291,,,,0.8481,,0.6203,,,
xtriple,rad-core-61,10,68,68,,0.1471,,0.4559,,,,0.1618,,0.7647,,,
xtriple,rad-core-61,11,76,76,,0.1184,,0.4342,,,,0.8684,,0.6184,,,
xtriple,rad-core-61,12,90,90,,0.3,,0.1778,,,,0.9667,,0.6444,,,
xtriple,rad-core-61,13,79,79,,0.1013,,0.1519,,,,0.2785,,0.6329,,,
xtriple,rad-core-61,14,61,61,,0.2787,,0.1148,,,,0.5082,,0.5082,,,
null,rad-core-61@directed,0,69,69,69,0.5072,0.7681,0.4493,0.4203,0.4058,0.1884,0.8986,1.0,0.6667,0.7391,0.3333,0.6377
null,rad-core-61@directed,3,82,82,82,0.5,0.4268,0.5488,0.439,0.122,0.2317,0.8415,0.5244,0.9024,0.9878,0.5244,0.7805
null,rad-core-61@directed,6,65,65,65,0.2,0.3538,0.5231,0.6,0.2,0.3077,0.7231,0.8615,0.7538,0.9077,0.6462,0.6
null,rad-core-61@directed,9,79,79,79,0.3671,0.2658,0.1013,0.0506,0.6456,0.4304,0.7468,0.8481,0.6456,0.5443,1.0,0.8734
null,rad-core-61@directed,12,61,61,61,0.2787,0.2623,0.1311,0.1475,0.4918,0.4262,0.918,0.918,0.918,0.8525,0.541,0.4918
null,rad-core-61@uniform,0,72,72,72,0.4722,0.3194,0.5694,0.4167,0.1528,0.1111,0.7778,0.9028,0.7361,0.7222,0.1667,0.1528
null,rad-core-61@uniform,3,66,66,66,0.5152,0.3485,0.4242,0.1818,0.303,0.2727,0.9697,0.9394,0.6364,0.7576,0.5909,0.8788
null,rad-core-61@uniform,6,55,55,55,0.6727,0.6,0.4,0.3818,0.2,0.3818,0.9636,0.9818,0.4182,0.8,0.8182,0.8727
null,rad-core-61@uniform,9,68,68,68,0.8529,0.7206,0.1765,0.3382,0.1618,0.5147,0.6471,0.3971,0.6471,0.6029,0.8235,0.8088
null,rad-core-61@uniform,12,66,66,66,0.2879,0.5152,0.2121,0.3788,0.2576,0.3636,0.5606,0.5152,0.7424,0.6212,0.7273,0.6667
triple,rad-core-61,15,75,75,,0.28,,0.4267,,,,0.5733,,0.6533,,,
triple,rad-core-61,16,86,86,,0.5116,,0.3488,,,,0.4302,,0.8605,,,
triple,rad-core-61,17,68,68,,0.3971,,0.6618,,,,0.7794,,0.9412,,,
triple,rad-core-61,18,69,69,,0.3333,,0.5507,,,,0.9855,,0.7681,,,
triple,rad-core-61,19,73,73,,0.1918,,0.3288,,,,0.8219,,0.8219,,,
triple,rad-core-61,20,51,51,,0.098,,0.3529,,,,0.2745,,0.6471,,,
triple,rad-core-61,21,72,72,,0.6528,,0.4861,,,,0.6389,,0.9722,,,
triple,rad-core-61,22,43,43,,0.186,,0.6047,,,,0.7442,,0.8372,,,
triple,rad-core-61,23,86,86,,0.2674,,0.4884,,,,0.5698,,0.8488,,,
triple,rad-core-61,24,72,72,,0.1944,,0.4028,,,,0.6528,,0.7917,,,
triple,rad-core-61,25,82,82,,0.5976,,0.2927,,,,0.9512,,0.7317,,,
triple,rad-core-61,26,62,62,,0.6774,,0.0806,,,,0.8871,,0.1129,,,
triple,rad-core-61,27,73,73,,0.6986,,0.4795,,,,0.8356,,0.5068,,,
triple,rad-core-61,28,72,72,,0.4444,,0.375,,,,0.125,,0.8333,,,
triple,rad-core-61,29,72,72,,0.0278,,0.25,,,,0.0556,,0.4861,,,
xtriple,rad-core-61,15,75,75,,0.2133,,0.2667,,,,0.5067,,0.7333,,,
xtriple,rad-core-61,16,94,94,,0.1277,,0.3298,,,,0.1702,,0.8191,,,
xtriple,rad-core-61,17,68,68,,0.5294,,0.3676,,,,0.7941,,0.8824,,,
xtriple,rad-core-61,18,73,73,,0.3288,,0.4521,,,,0.8082,,0.9178,,,
xtriple,rad-core-61,19,51,51,,0.2941,,0.2941,,,,0.2745,,0.7843,,,
xtriple,rad-core-61,20,69,69,,0.1014,,0.3043,,,,0.6812,,0.6522,,,
xtriple,rad-core-61,21,43,43,,0.5116,,0.186,,,,1.0,,0.8605,,,
xtriple,rad-core-61,22,84,84,,0.0952,,0.5119,,,,0.3929,,0.7976,,,
xtriple,rad-core-61,23,72,72,,0.1944,,0.3472,,,,0.125,,0.9167,,,
xtriple,rad-core-61,24,72,72,,0.1806,,0.4444,,,,0.5694,,0.7222,,,
xtriple,rad-core-61,25,62,62,,0.6613,,0.2097,,,,1.0,,0.5645,,,
xtriple,rad-core-61,26,69,69,,0.3768,,0.2464,,,,0.8406,,0.5507,,,
xtriple,rad-core-61,27,72,72,,0.1944,,0.4722,,,,0.5139,,0.4583,,,
xtriple,rad-core-61,28,72,72,,0.1111,,0.4028,,,,0.3333,,0.4861,,,
xtriple,rad-core-61,29,73,73,,0.1096,,0.2055,,,,0.6301,,0.6301,,,
null,rad-core-61@directed,15,68,68,68,0.2353,0.2059,0.1471,0.2206,0.2353,0.5294,0.5588,0.5588,0.8676,0.9559,0.8235,0.7941
null,rad-core-61@directed,18,81,81,81,0.3704,0.1235,0.2346,0.3333,0.1111,0.358,0.7778,0.7037,0.6914,0.7778,0.5309,0.6914
null,rad-core-61@directed,21,81,81,81,0.3951,0.5062,0.1111,0.1975,0.2099,0.1728,0.7531,0.8272,0.4321,0.4444,0.9259,0.716
null,rad-core-61@directed,24,69,69,69,0.2319,0.0725,0.5652,0.5507,0.4638,0.4348,0.2899,0.6667,1.0,1.0,0.7826,0.2899
null,rad-core-61@directed,27,84,84,84,0.4524,0.2976,0.0952,0.2381,0.0357,0.0952,0.4881,0.4881,0.5595,0.5714,0.0595,0.6429
null,rad-core-61@uniform,15,75,75,75,0.24,0.3867,0.12,0.2,0.4267,0.24,0.5067,0.48,0.3333,0.2933,0.8533,0.7733
null,rad-core-61@uniform,18,51,51,51,0.5882,0.3333,0.3529,0.2745,0.549,0.5294,0.8039,0.549,0.8824,0.7843,0.6471,0.6471
null,rad-core-61@uniform,21,43,43,43,0.5581,0.4884,0.3256,0.4186,0.4651,0.5349,1.0,1.0,0.6512,0.7674,0.8372,0.8605
null,rad-core-61@uniform,24,62,62,62,0.3387,0.4839,0.3871,0.5806,0.1613,0.2258,0.7903,0.6935,0.8871,0.8871,0.9355,0.2742
null,rad-core-61@uniform,27,72,72,72,0.1389,0.5972,0.4167,0.7222,0.4167,0.2917,0.0556,0.5278,0.4583,0.4583,0.9306,0.7361
triple,rad-core-65,0,44,44,,0.6136,,0.5455,,,,1.0,,0.6591,,,
triple,rad-core-65,1,63,63,,0.3016,,0.4921,,,,0.3175,,0.7619,,,
triple,rad-core-65,2,62,62,,0.5968,,0.4194,,,,0.8387,,0.8065,,,
triple,rad-core-65,3,53,53,,0.4906,,0.4151,,,,0.7925,,0.7547,,,
triple,rad-core-65,4,54,54,,0.3704,,0.8704,,,,0.3519,,0.9074,,,
triple,rad-core-65,5,67,67,,0.4925,,0.1791,,,,0.9851,,0.5373,,,
triple,rad-core-65,6,60,60,,0.55,,0.6,,,,0.7833,,0.8667,,,
triple,rad-core-65,7,54,54,,0.7037,,0.7593,,,,0.8704,,0.8148,,,
triple,rad-core-65,8,76,76,,0.3816,,0.3421,,,,0.9211,,0.5526,,,
triple,rad-core-65,9,75,75,,0.6133,,0.68,,,,0.7067,,0.8667,,,
triple,rad-core-65,10,70,70,,0.5714,,0.2714,,,,0.6571,,0.4286,,,
triple,rad-core-65,11,69,69,,0.5652,,0.6812,,,,0.971,,1.0,,,
triple,rad-core-65,12,60,60,,0.4667,,0.4833,,,,0.9,,0.9333,,,
triple,rad-core-65,13,63,63,,0.4444,,0.5238,,,,0.2698,,0.6032,,,
triple,rad-core-65,14,47,47,,0.617,,0.4894,,,,0.8936,,0.8298,,,
xtriple,rad-core-65,0,63,63,,0.6667,,0.6349,,,,0.9048,,0.746,,,
xtriple,rad-core-65,1,62,62,,0.3871,,0.4194,,,,0.6774,,0.6935,,,
xtriple,rad-core-65,2,44,44,,0.5,,0.6136,,,,0.8636,,0.9318,,,
xtriple,rad-core-65,3,54,54,,0.2593,,0.963,,,,0.1852,,0.9074,,,
xtriple,rad-core-65,4,67,67,,0.7164,,0.2836,,,,0.9851,,0.2388,,,
xtriple,rad-core-65,5,53,53,,0.3774,,0.3396,,,,0.5472,,0.9057,,,
xtriple,rad-core-65,6,54,54,,0.5556,,0.6852,,,,0.8889,,1.0,,,
xtriple,rad-core-65,7,80,80,,0.5625,,0.3625,,,,0.7875,,0.325,,,
xtriple,rad-core-65,8,60,60,,0.55,,0.6,,,,0.8667,,0.9833,,,
xtriple,rad-core-65,9,70,70,,0.6143,,0.0857,,,,0.8714,,0.2286,,,
xtriple,rad-core-65,10,69,69,,0.5072,,0.5507,,,,0.6812,,0.971,,,
xtriple,rad-core-65,11,75,75,,0.4267,,0.5067,,,,0.8667,,0.96,,,
xtriple,rad-core-65,12,60,60,,0.6333,,0.4,,,,0.6833,,0.7333,,,
xtriple,rad-core-65,13,47,47,,0.5106,,0.4255,,,,0.9787,,0.617,,,
xtriple,rad-core-65,14,72,72,,0.3194,,0.6528,,,,0.2639,,1.0,,,
null,rad-core-65@directed,0,63,63,63,0.619,0.6349,0.4286,0.4603,0.5079,0.3968,0.8413,1.0,0.5714,0.8571,0.7302,1.0
null,rad-core-65@directed,3,84,84,84,0.5238,0.5119,0.5476,0.5714,0.2976,0.4643,0.4881,0.9048,0.9405,1.0,0.7024,0.4286
null,rad-core-65@directed,6,68,68,68,0.3676,0.4706,0.6765,0.5882,0.4265,0.4265,0.5147,0.9706,0.8382,0.8382,0.8824,0.25
null,rad-core-65@directed,9,73,73,73,0.3014,0.2329,0.0959,0.3425,0.3973,0.6301,0.7534,0.7945,0.5479,0.6849,0.8219,0.9863
null,rad-core-65@directed,12,60,60,60,0.55,0.6667,0.1833,0.15,0.3167,0.3,0.8667,1.0,0.1833,0.9833,0.7667,0.6167
null,rad-core-65@uniform,0,44,44,44,0.5,0.7045,0.5455,0.6591,0.5,0.3409,0.8182,1.0,0.7727,0.8636,0.8636,0.7273
null,rad-core-65@uniform,3,53,53,53,0.3019,0.7925,0.717,0.9811,0.434,0.2453,0.3962,1.0,0.9057,1.0,0.1509,0.1887
null,rad-core-65@uniform,6,54,54,54,0.5741,0.6852,0.5926,0.8148,0.4815,0.537,0.963,0.9259,0.8519,0.8333,0.5185,0.4444
null,rad-core-65@uniform,9,69,69,69,0.6812,0.6087,0.2754,0.4203,0.3188,0.6667,0.971,0.9565,0.2029,0.2609,0.8696,0.9855
null,rad-core-65@uniform,12,47,47,47,0.6596,0.6596,0.4894,0.6596,0.5532,0.5532,0.8936,1.0,0.7447,0.8085,0.617,0.4894
triple,rad-core-65,15,77,77,,0.4156,,0.4156,,,,0.1688,,0.7273,,,
triple,rad-core-65,16,69,69,,0.5072,,0.3623,,,,0.8551,,0.8696,,,
triple,rad-core-65,17,54,54,,0.8333,,0.537,,,,0.963,,0.7593,,,
triple,rad-core-65,18,64,64,,0.625,,0.625,,,,0.2969,,0.9688,,,
triple,rad-core-65,19,67,67,,0.4925,,0.6716,,,,0.9403,,0.9403,,,
triple,rad-core-65,20,55,55,,0.8182,,0.4545,,,,0.8909,,0.9091,,,
triple,rad-core-65,21,80,80,,0.4375,,0.5875,,,,0.3625,,0.7375,,,
triple,rad-core-65,22,72,72,,0.8194,,0.5694,,,,0.8889,,0.9167,,,
triple,rad-core-65,23,68,68,,0.2941,,0.3824,,,,0.9265,,0.4853,,,
triple,rad-core-65,24,60,60,,0.6167,,0.55,,,,0.85,,0.9833,,,
triple,rad-core-65,25,70,70,,0.6286,,0.7,,,,0.9429,,0.9571,,,
triple,rad-core-65,26,67,67,,0.4776,,0.5373,,,,0.9552,,0.791,,,
triple,rad-core-65,27,84,84,,0.5119,,0.5238,,,,0.4167,,0.8333,,,
triple,rad-core-65,28,43,43,,0.6512,,0.5349,,,,0.7907,,0.6512,,,
triple,rad-core-65,29,54,54,,0.7407,,0.6667,,,,1.0,,0.9815,,,
xtriple,rad-core-65,15,69,69,,0.4058,,0.5362,,,,0.3913,,0.9565,,,
xtriple,rad-core-65,16,54,54,,0.6667,,0.6111,,,,1.0,,0.9815,,,
xtriple,rad-core-65,17,69,69,,0.6087,,0.3768,,,,0.8406,,0.6377,,,
xtriple,rad-core-65,18,64,64,,0.3281,,0.4688,,,,0.9375,,0.8594,,,
xtriple,rad-core-65,19,55,55,,0.5273,,0.5455,,,,0.4545,,0.9091,,,
xtriple,rad-core-65,20,65,65,,0.6308,,0.2615,,,,0.3077,,0.8462,,,
xtriple,rad-core-65,21,72,72,,0.4167,,0.5972,,,,0.3056,,0.8333,,,
xtriple,rad-core-65,22,68,68,,0.7206,,0.4118,,,,0.9412,,0.5882,,,
xtriple,rad-core-65,23,80,80,,0.275,,0.3375,,,,0.2125,,0.6,,,
xtriple,rad-core-65,24,70,70,,0.4286,,0.5,,,,0.4429,,0.9714,,,
xtriple,rad-core-65,25,67,67,,0.6866,,0.4627,,,,0.9851,,0.8358,,,
xtriple,rad-core-65,26,60,60,,0.6167,,0.35,,,,0.9833,,1.0,,,
xtriple,rad-core-65,27,43,43,,0.6977,,0.4884,,,,0.7209,,0.8605,,,
xtriple,rad-core-65,28,54,54,,0.4444,,0.2407,,,,0.7222,,0.463,,,
xtriple,rad-core-65,29,78,78,,0.641,,0.4103,,,,0.8205,,0.8846,,,
null,rad-core-65@directed,15,69,69,69,0.4638,0.5072,0.4493,0.5072,0.5942,0.6812,0.942,0.3768,0.9565,0.7826,0.8261,0.942
null,rad-core-65@directed,18,64,64,64,0.4375,0.2656,0.3438,0.2969,0.4219,0.5625,0.6094,0.25,0.8906,0.6094,0.875,0.875
null,rad-core-65@directed,21,85,85,85,0.2,0.1412,0.6235,0.6588,0.3529,0.2353,0.3412,0.2588,0.9176,0.8471,0.8118,0.7882
null,rad-core-65@directed,24,72,72,72,0.3194,0.3194,0.5556,0.5972,0.5,0.4583,0.3472,0.375,0.9861,0.9861,0.9028,0.6667
null,rad-core-65@directed,27,70,70,70,0.2714,0.2857,0.4143,0.5143,0.5857,0.3714,0.3286,0.7429,0.7,0.7,1.0,0.4857
null,rad-core-65@uniform,15,54,54,54,0.6481,0.5926,0.6852,0.5926,0.6111,0.6111,0.9074,0.8704,0.6852,0.7222,0.8704,0.8519
null,rad-core-65@uniform,18,55,55,55,0.5091,0.6909,0.7455,0.7091,0.6364,0.4545,0.9455,0.9273,0.8364,0.8545,0.6545,0.9636
null,rad-core-65@uniform,21,68,68,68,0.5588,0.6176,0.5441,0.5441,0.3676,0.4412,0.7059,0.7206,0.6765,0.8088,0.4118,0.5735
null,rad-core-65@uniform,24,60,60,60,0.5,0.4333,0.6667,0.6333,0.7,0.5167,0.95,1.0,0.9833,1.0,0.9,0.8833
null,rad-core-65@uniform,27,43,43,43,0.6977,0.5349,0.4419,0.6047,0.7907,0.8605,0.7674,0.9767,0.7442,0.8372,0.8605,0.7674
triple,rad-core-68,0,34,34,,0.7647,,0.9412,,,,1.0,,1.0,,,
triple,rad-core-68,1,49,49,,0.6939,,0.7755,,,,0.5714,,1.0,,,
triple,rad-core-68,2,56,56,,0.6964,,0.7143,,,,1.0,,0.6964,,,
triple,rad-core-68,3,44,44,,0.5455,,0.8636,,,,0.75,,0.8409,,,
triple,rad-core-68,4,33,33,,0.7576,,0.6061,,,,0.8788,,0.6364,,,
triple,rad-core-68,5,36,36,,0.4167,,0.8333,,,,0.8611,,1.0,,,
triple,rad-core-68,6,58,58,,0.5345,,0.8103,,,,0.2931,,0.7586,,,
triple,rad-core-68,7,42,42,,0.5238,,0.8571,,,,0.9286,,0.9762,,,
triple,rad-core-68,8,41,41,,0.5854,,0.878,,,,0.7073,,1.0,,,
triple,rad-core-68,9,27,27,,0.7407,,0.8519,,,,0.9259,,0.9259,,,
triple,rad-core-68,10,28,28,,0.6429,,0.9643,,,,1.0,,0.9286,,,
triple,rad-core-68,11,50,50,,0.8,,0.72,,,,0.96,,0.96,,,
triple,rad-core-68,12,35,35,,0.7714,,0.2857,,,,0.9714,,0.9714,,,
triple,rad-core-68,13,37,37,,0.8919,,0.2973,,,,0.8378,,0.2432,,,
triple,rad-core-68,14,43,43,,0.5349,,0.7907,,,,0.6512,,0.9767,,,
xtriple,rad-core-68,0,43,43,,0.5581,,0.8837,,,,0.8605,,1.0,,,
xtriple,rad-core-68,1,60,60,,0.8333,,0.5333,,,,1.0,,0.7333,,,
xtriple,rad-core-68,2,34,34,,0.5294,,0.7353,,,,1.0,,0.9118,,,
xtriple,rad-core-68,3,50,50,,0.66,,0.76,,,,0.76,,0.34,,,
xtriple,rad-core-68,4,33,33,,0.6364,,0.8182,,,,0.9697,,0.7576,,,
xtriple,rad-core-68,5,36,36,,0.5,,0.9167,,,,1.0,,0.9167,,,
xtriple,rad-core-68,6,42,42,,0.6667,,0.6905,,,,0.7619,,1.0,,,
xtriple,rad-core-68,7,41,41,,0.6585,,0.8293,,,,1.0,,0.9512,,,
xtriple,rad-core-68,8,54,54,,0.5185,,0.8333,,,,0.3519,,0.7593,,,
xtriple,rad-core-68,9,31,31,,0.6774,,0.6774,,,,0.8387,,0.9032,,,
xtriple,rad-core-68,10,28,28,,0.6786,,0.8571,,,,1.0,,1.0,,,
xtriple,rad-core-68,11,27,27,,0.5556,,0.8148,,,,1.0,,0.8519,,,
xtriple,rad-core-68,12,35,35,,0.7714,,0.4857,,,,0.9429,,0.7714,,,
xtriple,rad-core-68,13,37,37,,0.9459,,0.8919,,,,0.8649,,0.8649,,,
xtriple,rad-core-68,14,52,52,,0.5577,,0.5769,,,,0.9231,,0.9615,,,
null,rad-core-68@directed,0,43,43,43,0.6744,0.7674,0.814,0.8372,0.3953,0.6512,0.9767,0.9535,0.9302,0.9535,0.9767,1.0
null,rad-core-68@directed,3,33,33,33,0.8182,0.7879,0.6667,0.7576,0.697,0.8182,0.7273,0.7879,0.8788,0.9697,0.8182,0.4848
null,rad-core-68@directed,6,45,45,45,0.8,0.7778,0.7111,0.8,0.5778,0.4222,0.9556,1.0,0.9556,0.9778,0.2444,0.2667
null,rad-core-68@directed,9,28,28,28,0.8571,0.8571,0.7143,0.8929,0.7857,0.8929,0.7143,0.9286,1.0,1.0,1.0,0.8214
null,rad-core-68@directed,12,35,35,35,0.8857,0.8571,0.9143,0.9143,0.5429,0.6571,0.8286,0.9714,0.8571,0.7429,0.8857,0.2571
null,rad-core-68@uniform,0,34,34,34,0.7647,0.8235,0.8529,0.8824,0.6471,0.4412,0.9118,0.9706,1.0,1.0,0.8529,0.4118
null,rad-core-68@uniform,3,42,42,42,0.6667,0.619,0.7619,0.7143,0.5952,0.619,0.9524,0.9524,0.9286,0.7381,1.0,1.0
null,rad-core-68@uniform,6,41,41,41,0.8293,0.7073,0.7561,0.6585,0.8049,0.7073,0.7805,0.7805,0.8293,0.9756,0.5854,0.8537
null,rad-core-68@uniform,9,27,27,27,0.7778,0.8519,0.6296,0.8519,0.7407,0.6667,0.7778,0.8148,1.0,1.0,1.0,0.963
null,rad-core-68@uniform,12,43,43,43,0.6977,0.6279,0.6744,0.5349,0.814,0.7442,0.8372,1.0,0.6977,0.6512,0.9767,0.9302
triple,rad-core-68,15,40,40,,0.75,,0.825,,,,0.725,,0.825,,,
triple,rad-core-68,16,48,48,,0.7083,,0.8542,,,,0.7917,,0.75,,,
triple,rad-core-68,17,44,44,,0.7727,,0.8409,,,,0.9773,,0.9091,,,
triple,rad-core-68,18,53,53,,0.6792,,0.717,,,,0.4906,,0.8302,,,
triple,rad-core-68,19,35,35,,0.7143,,0.8571,,,,0.9714,,0.9714,,,
triple,rad-core-68,20,52,52,,0.5962,,0.8462,,,,0.9231,,1.0,,,
triple,rad-core-68,21,34,34,,0.6765,,0.9118,,,,0.4706,,1.0,,,
triple,rad-core-68,22,39,39,,0.7949,,0.8205,,,,0.8718,,0.9744,,,
triple,rad-core-68,23,44,44,,0.6591,,0.9545,,,,0.7273,,0.75,,,
triple,rad-core-68,24,36,36,,0.7222,,0.9444,,,,1.0,,0.9167,,,
triple,rad-core-68,25,29,29,,0.7241,,0.8276,,,,1.0,,0.8276,,,
triple,rad-core-68,26,52,52,,0.6731,,0.7692,,,,0.5385,,0.8654,,,
triple,rad-core-68,27,39,39,,0.7949,,0.8974,,,,0.8718,,0.9744,,,
triple,rad-core-68,28,62,62,,0.6129,,0.7903,,,,0.8226,,0.9032,,,
triple,rad-core-68,29,48,48,,0.7083,,0.8958,,,,0.4792,,0.9792,,,
xtriple,rad-core-68,15,40,40,,0.725,,0.75,,,,0.75,,0.7,,,
xtriple,rad-core-68,16,48,48,,0.7708,,0.7708,,,,0.8333,,0.6667,,,
xtriple,rad-core-68,17,40,40,,0.7,,0.95,,,,0.65,,0.975,,,
xtriple,rad-core-68,18,53,53,,0.6792,,0.7736,,,,0.9245,,0.9623,,,
xtriple,rad-core-68,19,35,35,,0.6286,,0.8571,,,,0.9714,,1.0,,,
xtriple,rad-core-68,20,52,52,,0.6731,,0.6731,,,,0.9038,,0.9615,,,
xtriple,rad-core-68,21,39,39,,0.7436,,0.8205,,,,0.7179,,1.0,,,
xtriple,rad-core-68,22,39,39,,0.6667,,0.8974,,,,1.0,,0.9487,,,
xtriple,rad-core-68,23,34,34,,0.8529,,0.8824,,,,0.8235,,1.0,,,
xtriple,rad-core-68,24,36,36,,0.5833,,0.8889,,,,1.0,,0.6944,,,
xtriple,rad-core-68,25,29,29,,0.9655,,0.6552,,,,1.0,,0.2069,,,
xtriple,rad-core-68,26,36,36,,0.6111,,0.9167,,,,0.3056,,1.0,,,
xtriple,rad-core-68,27,41,41,,0.8537,,0.439,,,,0.6585,,0.9024,,,
xtriple,rad-core-68,28,48,48,,0.6042,,0.9375,,,,0.6667,,1.0,,,
xtriple,rad-core-68,29,39,39,,0.4103,,0.8718,,,,1.0,,0.9744,,,
null,rad-core-68@directed,15,40,40,40,0.9,0.95,0.825,0.85,0.825,0.675,0.675,0.725,0.725,0.975,0.475,0.75
null,rad-core-68@directed,18,35,35,35,0.8,0.7714,0.8857,0.6857,0.7714,0.8571,0.7143,0.8857,0.9714,1.0,1.0,1.0
null,rad-core-68@directed,21,39,39,39,0.7692,0.8462,0.7692,0.7436,0.8462,0.9231,0.7436,0.4615,1.0,0.7949,0.7949,0.7692
null,rad-core-68@directed,24,29,29,29,0.6552,0.6897,0.9655,0.931,0.7586,0.5517,0.931,0.9655,1.0,0.8966,0.2759,0.3793
null,rad-core-68@directed,27,41,41,41,0.9024,0.878,0.6585,0.7073,0.8049,0.9024,0.8049,0.7317,0.9268,0.8293,0.6098,0.8537
null,rad-core-68@uniform,15,40,40,40,0.775,0.8,0.675,0.625,0.825,0.75,1.0,0.95,0.725,0.775,0.8,1.0
null,rad-core-68@uniform,18,52,52,52,0.7115,0.6538,0.6346,0.7115,0.6923,0.75,0.9038,0.9231,0.9615,0.9615,1.0,1.0
null,rad-core-68@uniform,21,34,34,34,0.8529,0.7353,0.8529,0.6765,0.8529,0.9118,1.0,1.0,0.7647,1.0,0.8529,0.8824
null,rad-core-68@uniform,24,36,36,36,0.6944,0.9167,0.75,0.8889,0.6111,0.6389,1.0,1.0,0.8889,0.9444,0.3611,0.9167
null,rad-core-68@uniform,27,39,39,39,0.9231,0.9231,0.3846,0.6154,0.5385,0.8462,0.9487,0.9487,0.9487,0.6667,0.9744,0.9231
triple,takeoff,0,27,27,,1.0,,1.0,,,,0.963,,1.0,,,
triple,takeoff,1,15,15,,1.0,,1.0,,,,1.0,,1.0,,,
triple,takeoff,2,29,29,,1.0,,1.0,,,,1.0,,0.8621,,,
triple,takeoff,3,24,24,,1.0,,1.0,,,,1.0,,1.0,,,
triple,takeoff,4,33,33,,1.0,,1.0,,,,0.9697,,1.0,,,
triple,takeoff,5,22,22,,1.0,,1.0,,,,1.0,,1.0,,,
triple,takeoff,6,18,18,,1.0,,1.0,,,,1.0,,1.0,,,
triple,takeoff,7,11,11,,1.0,,1.0,,,,1.0,,1.0,,,
triple,takeoff,8,27,27,,1.0,,1.0,,,,1.0,,1.0,,,
triple,takeoff,9,26,26,,1.0,,1.0,,,,0.9231,,1.0,,,
triple,takeoff,10,27,27,,1.0,,1.0,,,,0.963,,1.0,,,
triple,takeoff,11,30,30,,1.0,,1.0,,,,1.0,,1.0,,,
triple,takeoff,12,26,26,,1.0,,1.0,,,,1.0,,1.0,,,
triple,takeoff,13,19,19,,1.0,,1.0,,,,1.0,,1.0,,,
triple,takeoff,14,27,27,,1.0,,1.0,,,,1.0,,1.0,,,
xtriple,takeoff,0,15,15,,1.0,,1.0,,,,1.0,,1.0,,,
xtriple,takeoff,1,20,20,,1.0,,1.0,,,,1.0,,1.0,,,
xtriple,takeoff,2,27,27,,1.0,,1.0,,,,1.0,,1.0,,,
xtriple,takeoff,3,27,27,,1.0,,1.0,,,,1.0,,1.0,,,
xtriple,takeoff,4,22,22,,1.0,,1.0,,,,1.0,,1.0,,,
xtriple,takeoff,5,24,24,,1.0,,1.0,,,,1.0,,1.0,,,
xtriple,takeoff,6,11,11,,1.0,,1.0,,,,1.0,,1.0,,,
xtriple,takeoff,7,32,32,,1.0,,1.0,,,,0.875,,1.0,,,
xtriple,takeoff,8,18,18,,1.0,,1.0,,,,0.9444,,1.0,,,
xtriple,takeoff,9,27,27,,1.0,,1.0,,,,0.9259,,1.0,,,
xtriple,takeoff,10,30,30,,1.0,,1.0,,,,0.9667,,0.8333,,,
xtriple,takeoff,11,26,26,,1.0,,1.0,,,,0.9615,,0.9615,,,
xtriple,takeoff,12,27,27,,1.0,,1.0,,,,1.0,,1.0,,,
xtriple,takeoff,13,19,19,,1.0,,1.0,,,,1.0,,1.0,,,
xtriple,takeoff,14,26,26,,1.0,,1.0,,,,1.0,,0.9615,,,
null,takeoff@directed,0,20,20,20,1.0,1.0,1.0,1.0,1.0,1.0,0.95,1.0,1.0,1.0,1.0,1.0
null,takeoff@directed,3,24,24,24,1.0,1.0,1.0,1.0,1.0,1.0,1.0,1.0,1.0,0.9583,1.0,1.0
null,takeoff@directed,6,23,23,23,1.0,1.0,1.0,1.0,1.0,1.0,1.0,1.0,1.0,0.7391,0.9565,0.8696
null,takeoff@directed,9,30,30,30,1.0,1.0,1.0,1.0,1.0,1.0,1.0,1.0,1.0,0.8667,1.0,1.0
null,takeoff@directed,12,19,19,19,1.0,1.0,1.0,1.0,1.0,1.0,1.0,1.0,1.0,1.0,0.8421,1.0
null,takeoff@uniform,0,15,15,15,1.0,1.0,1.0,1.0,1.0,1.0,1.0,1.0,1.0,1.0,1.0,1.0
null,takeoff@uniform,3,22,22,22,1.0,1.0,1.0,1.0,1.0,1.0,1.0,1.0,0.7727,0.8636,1.0,1.0
null,takeoff@uniform,6,11,11,11,1.0,1.0,1.0,1.0,1.0,1.0,1.0,1.0,1.0,1.0,1.0,1.0
null,takeoff@uniform,9,26,26,26,1.0,1.0,1.0,1.0,1.0,1.0,0.9615,0.9615,1.0,0.9615,0.9231,0.7692
null,takeoff@uniform,12,26,26,26,1.0,1.0,1.0,1.0,1.0,1.0,0.9615,1.0,1.0,1.0,1.0,0.9615
triple,takeoff,15,20,20,,1.0,,1.0,,,,1.0,,1.0,,,
triple,takeoff,16,29,29,,1.0,,1.0,,,,1.0,,1.0,,,
triple,takeoff,17,16,16,,1.0,,1.0,,,,1.0,,1.0,,,
triple,takeoff,18,21,21,,1.0,,1.0,,,,1.0,,1.0,,,
triple,takeoff,19,22,22,,1.0,,1.0,,,,0.9545,,0.9545,,,
triple,takeoff,20,18,18,,1.0,,1.0,,,,1.0,,1.0,,,
triple,takeoff,21,17,17,,1.0,,1.0,,,,1.0,,1.0,,,
triple,takeoff,22,27,27,,1.0,,1.0,,,,1.0,,1.0,,,
triple,takeoff,23,23,23,,1.0,,1.0,,,,1.0,,1.0,,,
triple,takeoff,24,26,26,,1.0,,1.0,,,,1.0,,0.8846,,,
triple,takeoff,25,19,19,,1.0,,1.0,,,,1.0,,1.0,,,
triple,takeoff,26,30,30,,1.0,,1.0,,,,1.0,,1.0,,,
triple,takeoff,27,17,17,,1.0,,1.0,,,,0.9412,,1.0,,,
triple,takeoff,28,27,27,,1.0,,1.0,,,,1.0,,0.8889,,,
triple,takeoff,29,29,29,,1.0,,1.0,,,,1.0,,0.9655,,,
xtriple,takeoff,15,24,24,,1.0,,1.0,,,,1.0,,1.0,,,
xtriple,takeoff,16,16,16,,1.0,,1.0,,,,1.0,,1.0,,,
xtriple,takeoff,17,20,20,,1.0,,1.0,,,,1.0,,1.0,,,
xtriple,takeoff,18,22,22,,1.0,,1.0,,,,1.0,,0.9545,,,
xtriple,takeoff,19,18,18,,1.0,,1.0,,,,1.0,,1.0,,,
xtriple,takeoff,20,21,21,,1.0,,1.0,,,,1.0,,1.0,,,
xtriple,takeoff,21,27,27,,1.0,,1.0,,,,1.0,,1.0,,,
xtriple,takeoff,22,28,28,,1.0,,1.0,,,,1.0,,1.0,,,
xtriple,takeoff,23,17,17,,1.0,,1.0,,,,1.0,,1.0,,,
xtriple,takeoff,24,19,19,,1.0,,1.0,,,,1.0,,1.0,,,
xtriple,takeoff,25,30,30,,1.0,,1.0,,,,1.0,,1.0,,,
xtriple,takeoff,26,26,26,,1.0,,1.0,,,,1.0,,1.0,,,
xtriple,takeoff,27,27,27,,1.0,,1.0,,,,1.0,,0.9259,,,
xtriple,takeoff,28,29,29,,1.0,,1.0,,,,1.0,,0.7931,,,
xtriple,takeoff,29,17,17,,1.0,,1.0,,,,1.0,,1.0,,,
null,takeoff@directed,15,24,24,24,1.0,1.0,1.0,1.0,1.0,1.0,1.0,1.0,1.0,1.0,1.0,1.0
null,takeoff@directed,18,29,29,29,1.0,1.0,1.0,1.0,1.0,1.0,0.9655,1.0,0.9655,1.0,1.0,0.9655
null,takeoff@directed,21,23,23,23,1.0,1.0,1.0,1.0,1.0,1.0,1.0,1.0,1.0,0.9565,1.0,1.0
null,takeoff@directed,24,31,31,31,1.0,1.0,1.0,1.0,1.0,1.0,1.0,1.0,1.0,1.0,1.0,1.0
null,takeoff@directed,27,33,33,33,1.0,1.0,1.0,1.0,1.0,1.0,1.0,0.9697,0.9697,0.9697,0.9394,1.0
null,takeoff@uniform,15,16,16,16,1.0,1.0,1.0,1.0,1.0,1.0,1.0,1.0,1.0,0.9375,1.0,1.0
null,takeoff@uniform,18,18,18,18,1.0,1.0,1.0,1.0,1.0,1.0,1.0,1.0,1.0,1.0,1.0,1.0
null,takeoff@uniform,21,17,17,17,1.0,1.0,1.0,1.0,1.0,1.0,1.0,1.0,1.0,1.0,1.0,1.0
null,takeoff@uniform,24,19,19,19,1.0,1.0,1.0,1.0,1.0,1.0,0.8947,0.8947,1.0,1.0,1.0,1.0
null,takeoff@uniform,27,17,17,17,1.0,1.0,1.0,1.0,1.0,1.0,1.0,1.0,0.8824,1.0,0.9412,1.0
