subject,members_d,members_u,nodes,nodes_d,nodes_u,sha256_jsonl
fsm,403,466,803,372,449,17b3d05ea4421b02a21f353ef3cd5a2c3655111e9c3ca2c1c0fec15fed3e88d8
fsm-combined,795,838,1627,791,837,a062d75c3bf95ac2c83973fb7c05dfbf2e5cd40d4e80207b0c97b08b094e92f5
fsm-timing,1249,1168,2282,1177,1136,e1111adab8b481649d110a5d5bdde6191afa8d73262e434ef22269dd00d7aea0
mode-arbiter,618,894,1237,508,775,a398db47c6a012f4403f46c815af5ec474a8c46f6e35157ab45ff3d53a9f66d2
takeoff,906,733,1223,672,609,5fed8ced5d0dd427c994bf51fa80b9aa2e7db91511b5444505305571c1b8af7d
liquid-mixer,2567,2051,4576,2537,2046,d619ec47f502700242e609ac6e31beafc8603aef11922a9636ec47183699c3d6
lpc-mini-core1,1963,2053,3719,1861,1967,645d8f4a6d94952f1f800fe340425aab9f6858d6ce0b839aa80e90075394c16e
rad-core-10,53,1081,1027,47,981,ad15f96b4eadfa1e4683facb4152d6b6c60bc3fd7a704570b79c18855fa45fe5
rad-core-1-18,1573,1600,3089,1567,1575,94252b5aca870a448fe38fa329b0fab79adfe585558856fd0aa8e29ecf56a4b4
rad-core-12-18,2004,1957,3820,1970,1896,b92fab332dcecf17307e0dedb3dc2173fac5810a5086ac1732fac2e84c8bec5c
rad-core-17-18,1950,2007,3826,1912,1962,bc74818d18788e5105ba4e71925dd83ef492d52458f2e0bd929acbf7c9051002
rad-core-33,3140,2900,5879,3051,2835,4a1d1df605299226891f2dda6906a51fece7195d77046c60e9c30a549d76cb7d
rad-core-45,1478,1439,2782,1429,1396,3666d51d3ff09afb6eab373d784115e22d83bbd2824e3ae0bd2da602cdaab30e
rad-core-55,1967,1673,3434,1889,1610,486c353a7eb48e8a9dcd348f6720fef78786f43b52cc10ab07404bbcf401e1bb
rad-core-61,2507,2220,4017,2213,2057,b7e9ddc73eb727d70b9807f716011cdeddfe700c59e06fe81347f31a8e6b0619
rad-core-65,2337,1934,3686,2168,1708,ad41d615068922766f85d59386d86f30e794ee8b9ec4a567899c1083cebce08d
rad-core-68,1344,1484,2698,1312,1425,06475528b0190f88ac44b222e49295fb242124bc5ea94d6b9bcedbdf981087e1
