subject,d_pool,u_pool,d_nodes,u_nodes,both_nodes,d_front,u_front,within_undecided_d,within_undecided_u,sub_d,sub_u,net,n_sub_d,n_sub_u,shared_d,shared_u,pairs,pairs_queried_or_identical,pairs_equivalent,pairs_d_stronger,pairs_u_stronger,pairs_incomparable,pairs_undecided,d_classes_with_undecided,u_classes_with_undecided,sub_d_imp,sub_u_imp,net_imp,sub_d_non,sub_u_non,net_non,method_d,method_u,queries,call_s_sum
fsm,403,466,372,449,18,65,92,0,0,0.3846,0.1848,-0.1998,25,17,6,6,5980,56,6,20,30,5924,0,0,0,0.3846,0.1848,-0.1998,0.3846,0.1848,-0.1998,all-pairs,all-pairs,15335,235
fsm-combined,795,838,791,837,1,567,530,0,0,0.1093,0.0887,-0.0206,62,47,1,1,300510,1987,1,91,111,300307,0,0,0,0.1093,0.0887,-0.0206,0.1093,0.0887,-0.0206,all-pairs,all-pairs,19056,1143
fsm-timing,1249,1168,1177,1136,31,458,369,966,0,0.4585,0.1274,-0.3311,210,47,4,4,169002,2095,4,73,429,168358,138,2,55,0.4629,0.1274,-0.3355,0.4585,0.1274,-0.3311,all-pairs,all-pairs,63619,32489
liquid-mixer,2567,2051,2537,2046,7,1635,1474,0,0,0.0263,0.0109,-0.0154,43,16,0,0,2409990,89,0,21,67,2409902,0,0,0,0.0263,0.0109,-0.0154,0.0263,0.0109,-0.0154,all-pairs,all-pairs,10290,21444
lpc-mini-core1,1963,2053,1861,1967,109,863,868,771,336,0.3198,0.0922,-0.2276,276,80,34,34,749084,1966,34,96,415,748473,66,17,29,0.3291,0.1164,-0.2127,0.3198,0.0922,-0.2276,all-pairs,all-pairs,60584,78622
mode-arbiter,618,894,508,775,46,97,147,0,0,0.5979,0.0068,-0.5911,58,1,5,5,14259,90,5,1,79,14174,0,0,0,0.5979,0.0068,-0.5911,0.5979,0.0068,-0.5911,all-pairs,all-pairs,14994,357
rad-core-1-18,1573,1600,1567,1575,53,1206,1221,0,0,0.1095,0.0885,-0.021,132,108,45,45,1472526,320,45,121,153,1472207,0,0,0,0.1095,0.0885,-0.021,0.1095,0.0885,-0.021,all-pairs,all-pairs,11140,133
rad-core-10,53,1081,47,981,1,41,627,0,0,0.2683,0.0,-0.2683,11,0,0,0,25707,11,0,0,11,25696,0,0,0,0.2683,0.0,-0.2683,0.2683,0.0,-0.2683,all-pairs,all-pairs,1276,20
rad-core-12-18,2004,1957,1970,1896,46,1504,1336,0,0,0.1602,0.0464,-0.1138,241,62,21,21,2009344,371,21,63,264,2008996,0,0,0,0.1602,0.0464,-0.1138,0.1602,0.0464,-0.1138,all-pairs,all-pairs,16030,191
rad-core-17-18,1950,2007,1912,1962,48,1444,1335,0,0,0.1614,0.0577,-0.1037,233,77,21,21,1927740,369,21,83,255,1927381,0,0,0,0.1614,0.0577,-0.1037,0.1614,0.0577,-0.1037,all-pairs,all-pairs,17641,207
rad-core-33,3140,2900,3051,2835,7,2706,1709,0,0,0.2816,0.0018,-0.2798,762,3,8,8,4624554,96263,8,7,1383,4623156,0,0,0,0.2816,0.0018,-0.2798,0.2816,0.0018,-0.2798,all-pairs,all-pairs,315812,4984
rad-core-45,1478,1439,1429,1396,43,1001,834,0,0,0.1618,0.1247,-0.0371,162,104,23,23,834834,458,23,111,179,834521,0,0,0,0.1618,0.1247,-0.0371,0.1618,0.1247,-0.0371,all-pairs,all-pairs,5636,66
rad-core-55,1967,1673,1889,1610,65,1544,923,0,0,0.3633,0.0986,-0.2647,561,91,26,26,1425112,1140,26,105,986,1423995,0,0,0,0.3633,0.0986,-0.2647,0.3633,0.0986,-0.2647,all-pairs,all-pairs,7903,94
rad-core-61,2507,2220,2213,2057,253,2073,1847,0,0,0.0888,0.0195,-0.0693,184,36,168,168,3828831,412,168,36,207,3828420,0,0,0,0.0888,0.0195,-0.0693,0.0888,0.0195,-0.0693,all-pairs,all-pairs,732,9
rad-core-65,2337,1934,2168,1708,190,1870,1308,0,0,0.1064,0.0902,-0.0162,199,118,146,146,2445960,469,146,120,203,2445491,0,0,0,0.1064,0.0902,-0.0162,0.1064,0.0902,-0.0162,all-pairs,all-pairs,1267,15
rad-core-68,1344,1484,1312,1425,39,906,991,0,0,0.1137,0.0898,-0.0239,103,89,18,18,897846,270,18,122,130,897576,0,0,0,0.1137,0.0898,-0.0239,0.1137,0.0898,-0.0239,all-pairs,all-pairs,5230,64
takeoff,906,733,672,609,58,150,167,0,0,0.2933,0.1257,-0.1676,44,21,15,15,25050,109,15,24,55,24956,0,0,0,0.2933,0.1257,-0.1676,0.2933,0.1257,-0.1676,all-pairs,all-pairs,17388,317
