subject,d_pool,u_pool,d_nodes,u_nodes,both_nodes,d_front,u_front,within_undecided_d,within_undecided_u,sub_d,sub_u,net,n_sub_d,n_sub_u,shared_d,shared_u,pairs,pairs_queried_or_identical,pairs_equivalent,pairs_d_stronger,pairs_u_stronger,pairs_incomparable,pairs_undecided,d_classes_with_undecided,u_classes_with_undecided,sub_d_imp,sub_u_imp,net_imp,sub_d_non,sub_u_non,net_non,method_d,method_u,queries,query_wall_s,wall_s
fsm,424,533,393,513,14,73,90,0,0,0.2466,0.2778,0.0312,18,25,6,6,6570,60,6,35,19,6510,0,0,0,0.2466,0.2778,0.0312,0.2466,0.2778,0.0312,all-pairs,all-pairs,9619,9,9
fsm-combined,923,901,915,901,1,574,650,24,0,0.1864,0.0708,-0.1156,107,46,0,0,373100,1746,0,63,169,372866,2,1,1,0.1864,0.0723,-0.1141,0.1864,0.0708,-0.1156,all-pairs,all-pairs,13696,161,161
fsm-timing,1197,1176,1121,1130,32,372,335,908,0,0.4516,0.1075,-0.3441,168,36,3,3,124620,1473,3,63,408,124139,7,3,4,0.4516,0.1194,-0.3322,0.4516,0.1075,-0.3441,incremental,incremental,14797,616,616
liquid-mixer,2701,2047,2678,2039,4,1774,1498,122,0,0.0316,0.0093,-0.0223,56,14,1,1,2657452,137,1,19,116,2657316,0,0,0,0.0316,0.0093,-0.0223,0.0316,0.0093,-0.0223,all-pairs,all-pairs,2629,2493,2493
lpc-mini-core1,1745,1802,1670,1734,88,707,650,383,160,0.3579,0.0785,-0.2794,253,51,30,30,459550,1088,30,66,499,458909,46,8,12,0.3678,0.0785,-0.2893,0.3593,0.0785,-0.2808,incremental,incremental,19029,4647,4647
mode-arbiter,817,1217,719,1153,39,159,313,0,0,0.5975,0.0639,-0.5336,95,20,7,7,49767,187,7,22,144,49594,0,0,0,0.5975,0.0639,-0.5336,0.5975,0.0639,-0.5336,all-pairs,all-pairs,10559,23,23
rad-core-1-18,1878,1918,1856,1887,38,1502,1500,0,0,0.0945,0.0407,-0.0538,142,61,27,27,2253000,291,27,72,159,2252742,0,0,0,0.0945,0.0407,-0.0538,0.0945,0.0407,-0.0538,all-pairs,all-pairs,7435,16,16
rad-core-10,54,1206,52,1121,0,46,744,0,0,0.1087,0.0013,-0.1074,5,1,0,0,34224,6,0,1,5,34218,0,0,0,0.1087,0.0013,-0.1074,0.1087,0.0013,-0.1074,all-pairs,all-pairs,1437,3,3
rad-core-12-18,2244,2477,2190,2422,52,1722,1610,0,0,0.1092,0.0298,-0.0794,188,48,24,24,2772420,543,24,51,195,2772150,0,0,0,0.1092,0.0298,-0.0794,0.1092,0.0298,-0.0794,all-pairs,all-pairs,7751,18,18
rad-core-17-18,2293,2524,2242,2470,53,1761,1625,0,0,0.1221,0.0215,-0.1006,215,35,23,23,2861625,698,23,36,234,2861332,0,0,0,0.1221,0.0215,-0.1006,0.1221,0.0215,-0.1006,all-pairs,all-pairs,10153,23,23
rad-core-33,4481,3129,4411,3077,1,4044,1699,20,0,0.4508,0.0018,-0.449,1823,3,1,1,6870756,1088452,1,3,4046,6866350,356,18,209,0.4508,0.1248,-0.326,0.4508,0.0018,-0.449,all-pairs,incremental,991014,2594,2598
rad-core-45,1859,1934,1808,1893,33,1378,1306,0,0,0.1335,0.0605,-0.073,184,79,14,14,1799668,342,14,94,213,1799347,0,0,0,0.1335,0.0605,-0.073,0.1335,0.0605,-0.073,all-pairs,all-pairs,4734,11,11
rad-core-55,2614,2148,2548,2088,44,2261,1097,0,0,0.3069,0.0264,-0.2805,694,29,28,28,2480317,2121,28,31,1113,2479145,0,0,0,0.3069,0.0264,-0.2805,0.3069,0.0264,-0.2805,all-pairs,all-pairs,8964,21,21
rad-core-61,3840,3158,3721,3046,131,3367,2669,3,0,0.1117,0.0045,-0.1072,376,12,57,57,8986523,540,57,12,452,8986002,0,0,0,0.1117,0.0045,-0.1072,0.1117,0.0045,-0.1072,all-pairs,all-pairs,1487,46,47
rad-core-65,3159,2836,3052,2725,148,2543,2185,0,0,0.1306,0.0407,-0.0899,332,89,85,85,5556455,571,85,92,358,5555920,0,0,0,0.1306,0.0407,-0.0899,0.1306,0.0407,-0.0899,all-pairs,all-pairs,1845,6,7
rad-core-68,1244,1900,1200,1839,39,833,1310,0,0,0.1224,0.0534,-0.069,102,70,22,22,1091230,258,22,78,124,1091006,0,0,0,0.1224,0.0534,-0.069,0.1224,0.0534,-0.069,all-pairs,all-pairs,4273,11,11
takeoff,794,721,587,600,44,113,129,2,0,0.3982,0.1705,-0.2277,45,22,6,6,14577,110,6,27,66,14478,0,0,0,0.3982,0.1705,-0.2277,0.3982,0.1705,-0.2277,all-pairs,all-pairs,9568,35,35
