comparison,kind,spec,pairs,prec_y_in_x,prec_x_in_y,sym,sym_null_mean,p_gap,p_low
mrs-nsga2-apportion|aurus,cross,arbiter-aurus,30,0.6938,0.6903,0.692,0.8474,0.8721,0.001
mrs-nsga2-apportion|aurus,ctrl_x,arbiter-aurus,15,0.7439,0.6921,0.718,0.8609,0.1039,0.001
mrs-nsga2-apportion|aurus,ctrl_y,arbiter-aurus,15,0.7374,0.709,0.7232,0.8374,0.4076,0.001
mrs-nsga2-apportion|aurus-nsga2-apportion,cross,arbiter-aurus,30,0.8161,0.8001,0.8081,0.8648,0.5315,0.001
mrs-nsga2-apportion|aurus-nsga2-apportion,ctrl_x,arbiter-aurus,15,0.7809,0.6691,0.725,0.8649,0.003,0.001
mrs-nsga2-apportion|aurus-nsga2-apportion,ctrl_y,arbiter-aurus,15,0.8286,0.8254,0.827,0.872,0.9431,0.001
mrs-nsga2-apportion|mrs-weighted,cross,arbiter-aurus,30,0.6715,0.8325,0.752,0.85,0.001,0.001
mrs-nsga2-apportion|mrs-weighted,ctrl_x,arbiter-aurus,15,0.7254,0.6776,0.7015,0.8596,0.1039,0.001
mrs-nsga2-apportion|mrs-weighted,ctrl_y,arbiter-aurus,15,0.791,0.7061,0.7486,0.8279,0.009,0.001
aurus-nsga2-apportion|aurus,cross,arbiter-aurus,30,0.7222,0.7709,0.7466,0.8595,0.0539,0.001
aurus-nsga2-apportion|aurus,ctrl_x,arbiter-aurus,15,0.8313,0.8256,0.8285,0.8758,0.8731,0.001
aurus-nsga2-apportion|aurus,ctrl_y,arbiter-aurus,15,0.7597,0.7329,0.7463,0.8395,0.4655,0.001
mrs-nsga2-apportion|aurus,cross,detector-aurus,30,0.9025,0.7558,0.8292,0.8961,0.001,0.001
mrs-nsga2-apportion|aurus,ctrl_x,detector-aurus,15,0.8882,0.8991,0.8937,0.8892,0.8272,0.5574
mrs-nsga2-apportion|aurus,ctrl_y,detector-aurus,15,0.9132,0.8867,0.9,0.9025,0.5574,0.4176
mrs-nsga2-apportion|aurus-nsga2-apportion,cross,detector-aurus,30,0.9072,0.8702,0.8887,0.8953,0.2647,0.2957
mrs-nsga2-apportion|aurus-nsga2-apportion,ctrl_x,detector-aurus,15,0.8169,0.9086,0.8628,0.8874,0.0739,0.0899
mrs-nsga2-apportion|aurus-nsga2-apportion,ctrl_y,detector-aurus,15,0.9169,0.837,0.8769,0.8869,0.1239,0.2817
mrs-nsga2-apportion|mrs-weighted,cross,detector-aurus,30,0.798,0.8451,0.8216,0.8799,0.1409,0.001
mrs-nsga2-apportion|mrs-weighted,ctrl_x,detector-aurus,15,0.8471,0.8758,0.8614,0.874,0.5544,0.2378
mrs-nsga2-apportion|mrs-weighted,ctrl_y,detector-aurus,15,0.8518,0.7726,0.8122,0.8672,0.0859,0.002
aurus-nsga2-apportion|aurus,cross,detector-aurus,30,0.9343,0.8591,0.8967,0.9061,0.028,0.2288
aurus-nsga2-apportion|aurus,ctrl_x,detector-aurus,15,0.9358,0.8163,0.8761,0.8981,0.013,0.0859
aurus-nsga2-apportion|aurus,ctrl_y,detector-aurus,15,0.8918,0.9172,0.9045,0.9138,0.5445,0.3057
mrs-nsga2-apportion|aurus-nsga2-apportion,cross,full-arbiter-aurus,10,0.9411,0.8875,0.9143,0.9201,0.4366,0.3417
mrs-nsga2-apportion|aurus-nsga2-apportion,ctrl_x,full-arbiter-aurus,5,0.8357,0.925,0.8804,0.9168,0.3417,0.1978
mrs-nsga2-apportion|aurus-nsga2-apportion,ctrl_y,full-arbiter-aurus,5,0.8607,0.95,0.9054,0.9164,0.3926,0.2997
mrs-nsga2-apportion|mrs-weighted,cross,full-arbiter-aurus,12,0.8175,0.8611,0.8393,0.9229,0.5045,0.004
mrs-nsga2-apportion|mrs-weighted,ctrl_x,full-arbiter-aurus,6,0.9028,0.8115,0.8571,0.9128,0.3447,0.1059
mrs-nsga2-apportion|mrs-weighted,ctrl_y,full-arbiter-aurus,6,0.8611,0.8274,0.8442,0.9422,0.5794,0.035
mrs-nsga2-apportion|aurus,cross,gyro-var1,28,0.8921,0.6291,0.7606,0.8318,0.001,0.001
mrs-nsga2-apportion|aurus,ctrl_x,gyro-var1,14,0.8304,0.7795,0.805,0.8371,0.2647,0.026
mrs-nsga2-apportion|aurus,ctrl_y,gyro-var1,14,0.8918,0.8909,0.8914,0.8919,0.982,0.4575
mrs-nsga2-apportion|aurus-nsga2-apportion,cross,gyro-var1,30,0.832,0.7567,0.7944,0.8117,0.0959,0.1169
mrs-nsga2-apportion|aurus-nsga2-apportion,ctrl_x,gyro-var1,15,0.8037,0.7439,0.7738,0.7867,0.3976,0.2617
mrs-nsga2-apportion|aurus-nsga2-apportion,ctrl_y,gyro-var1,15,0.7671,0.7774,0.7722,0.7922,0.8791,0.1708
mrs-nsga2-apportion|mrs-weighted,cross,gyro-var1,30,0.6217,0.8604,0.741,0.836,0.001,0.001
mrs-nsga2-apportion|mrs-weighted,ctrl_x,gyro-var1,15,0.8353,0.7792,0.8073,0.8433,0.1878,0.015
mrs-nsga2-apportion|mrs-weighted,ctrl_y,gyro-var1,15,0.8636,0.8197,0.8417,0.8346,0.3626,0.6484
aurus-nsga2-apportion|aurus,cross,gyro-var1,28,0.8304,0.7067,0.7685,0.8602,0.002,0.001
aurus-nsga2-apportion|aurus,ctrl_x,gyro-var1,14,0.7446,0.7889,0.7667,0.7846,0.5714,0.2168
aurus-nsga2-apportion|aurus,ctrl_y,gyro-var1,14,0.8481,0.8129,0.8305,0.8649,0.5614,0.039
mrs-nsga2-apportion|aurus,cross,gyro-var2,28,0.7834,0.7382,0.7608,0.8609,0.1179,0.001
mrs-nsga2-apportion|aurus,ctrl_x,gyro-var2,14,0.7479,0.8113,0.7796,0.8467,0.1459,0.001
mrs-nsga2-apportion|aurus,ctrl_y,gyro-var2,14,0.8404,0.8896,0.865,0.8843,0.2517,0.1239
mrs-nsga2-apportion|aurus-nsga2-apportion,cross,gyro-var2,30,0.8052,0.7939,0.7996,0.8216,0.7732,0.0619
mrs-nsga2-apportion|aurus-nsga2-apportion,ctrl_x,gyro-var2,15,0.7652,0.7065,0.7359,0.819,0.3187,0.001
mrs-nsga2-apportion|aurus-nsga2-apportion,ctrl_y,gyro-var2,15,0.7623,0.8102,0.7863,0.8053,0.4016,0.1738
mrs-nsga2-apportion|mrs-weighted,cross,gyro-var2,30,0.5969,0.8978,0.7473,0.8332,0.001,0.001
mrs-nsga2-apportion|mrs-weighted,ctrl_x,gyro-var2,15,0.7573,0.8053,0.7813,0.8481,0.2517,0.001
mrs-nsga2-apportion|mrs-weighted,ctrl_y,gyro-var2,15,0.7314,0.8309,0.7812,0.8368,0.036,0.002
aurus-nsga2-apportion|aurus,cross,gyro-var2,28,0.721,0.7793,0.7502,0.833,0.1588,0.001
aurus-nsga2-apportion|aurus,ctrl_x,gyro-var2,14,0.8263,0.8266,0.8264,0.8442,0.996,0.2108
aurus-nsga2-apportion|aurus,ctrl_y,gyro-var2,14,0.8268,0.8155,0.8211,0.8656,0.8442,0.032
mrs-nsga2-apportion|aurus,cross,humanoid-458,30,0.8425,0.5505,0.6965,0.7912,0.001,0.001
mrs-nsga2-apportion|aurus,ctrl_x,humanoid-458,15,0.7004,0.7249,0.7126,0.7922,0.6633,0.001
mrs-nsga2-apportion|aurus,ctrl_y,humanoid-458,15,0.8065,0.7858,0.7961,0.807,0.7163,0.2977
mrs-nsga2-apportion|aurus-nsga2-apportion,cross,humanoid-458,30,0.7493,0.6613,0.7053,0.7768,0.0819,0.001
mrs-nsga2-apportion|aurus-nsga2-apportion,ctrl_x,humanoid-458,15,0.6834,0.8135,0.7484,0.8214,0.042,0.002
mrs-nsga2-apportion|aurus-nsga2-apportion,ctrl_y,humanoid-458,15,0.7033,0.7951,0.7492,0.7686,0.2058,0.1968
mrs-nsga2-apportion|mrs-weighted,cross,humanoid-458,30,0.6716,0.7781,0.7249,0.808,0.004,0.001
mrs-nsga2-apportion|mrs-weighted,ctrl_x,humanoid-458,15,0.7173,0.7201,0.7187,0.801,0.954,0.001
mrs-nsga2-apportion|mrs-weighted,ctrl_y,humanoid-458,15,0.728,0.6933,0.7107,0.7998,0.4895,0.001
aurus-nsga2-apportion|aurus,cross,humanoid-458,30,0.7442,0.7059,0.725,0.8323,0.3646,0.001
aurus-nsga2-apportion|aurus,ctrl_x,humanoid-458,15,0.6449,0.7728,0.7089,0.7616,0.0739,0.016
aurus-nsga2-apportion|aurus,ctrl_y,humanoid-458,15,0.7909,0.8305,0.8107,0.8429,0.4825,0.0579
mrs-nsga2-apportion|mrs-weighted,cross,humanoid-503,24,0.6191,0.6529,0.636,0.8252,0.4735,0.001
mrs-nsga2-apportion|mrs-weighted,ctrl_x,humanoid-503,12,0.5444,0.7652,0.6548,0.8215,0.003,0.001
mrs-nsga2-apportion|mrs-weighted,ctrl_y,humanoid-503,12,0.6716,0.5871,0.6294,0.8144,0.2258,0.001
mrs-nsga2-apportion|aurus-nsga2-apportion,cross,humanoid-531,30,0.8418,0.824,0.8329,0.8648,0.3956,0.001
mrs-nsga2-apportion|aurus-nsga2-apportion,ctrl_x,humanoid-531,15,0.8253,0.8526,0.839,0.8736,0.3247,0.003
mrs-nsga2-apportion|aurus-nsga2-apportion,ctrl_y,humanoid-531,15,0.8394,0.8327,0.8361,0.8613,0.8292,0.023
mrs-nsga2-apportion|mrs-weighted,cross,humanoid-531,30,0.7458,0.8478,0.7968,0.8547,0.001,0.001
mrs-nsga2-apportion|mrs-weighted,ctrl_x,humanoid-531,15,0.8461,0.8657,0.8559,0.8811,0.4496,0.006
mrs-nsga2-apportion|mrs-weighted,ctrl_y,humanoid-531,15,0.7019,0.7533,0.7276,0.8139,0.0959,0.001
mrs-nsga2-apportion|aurus,cross,humanoid-742,30,0.8354,0.2649,0.5501,0.8715,0.001,0.001
mrs-nsga2-apportion|aurus,ctrl_x,humanoid-742,15,0.6063,0.6752,0.6407,0.7788,0.1568,0.001
mrs-nsga2-apportion|aurus,ctrl_y,humanoid-742,15,0.9142,0.9124,0.9133,0.917,0.9471,0.3596
mrs-nsga2-apportion|aurus-nsga2-apportion,cross,humanoid-742,30,0.6333,0.7402,0.6868,0.8076,0.002,0.001
mrs-nsga2-apportion|aurus-nsga2-apportion,ctrl_x,humanoid-742,15,0.6131,0.7026,0.6579,0.8112,0.045,0.001
mrs-nsga2-apportion|aurus-nsga2-apportion,ctrl_y,humanoid-742,15,0.7224,0.7134,0.7179,0.8151,0.8342,0.001
mrs-nsga2-apportion|mrs-weighted,cross,humanoid-742,30,0.6171,0.7219,0.6695,0.8511,0.002,0.001
mrs-nsga2-apportion|mrs-weighted,ctrl_x,humanoid-742,15,0.5792,0.6588,0.619,0.7924,0.007,0.001
mrs-nsga2-apportion|mrs-weighted,ctrl_y,humanoid-742,15,0.699,0.6546,0.6768,0.88,0.2737,0.001
aurus-nsga2-apportion|aurus,cross,humanoid-742,30,0.8119,0.2668,0.5394,0.877,0.001,0.001
aurus-nsga2-apportion|aurus,ctrl_x,humanoid-742,15,0.6717,0.8103,0.741,0.8252,0.007,0.001
aurus-nsga2-apportion|aurus,ctrl_y,humanoid-742,15,0.909,0.9124,0.9107,0.9201,0.9081,0.1998
mrs-nsga2-apportion|aurus,cross,lift,26,0.9567,0.229,0.5929,0.8247,0.001,0.001
mrs-nsga2-apportion|aurus,ctrl_x,lift,13,0.7556,0.7794,0.7675,0.8059,0.7722,0.0719
mrs-nsga2-apportion|aurus,ctrl_y,lift,13,0.9699,1.0,0.9849,0.9552,0.5485,0.9081
mrs-nsga2-apportion|aurus-nsga2-apportion,cross,lift,30,0.7864,0.7855,0.786,0.8223,0.982,0.012
mrs-nsga2-apportion|aurus-nsga2-apportion,ctrl_x,lift,15,0.698,0.8317,0.7649,0.816,0.049,0.021
mrs-nsga2-apportion|aurus-nsga2-apportion,ctrl_y,lift,15,0.7672,0.7702,0.7687,0.803,0.971,0.0629
mrs-nsga2-apportion|mrs-weighted,cross,lift,30,0.7686,0.7576,0.7631,0.8128,0.8022,0.003
mrs-nsga2-apportion|mrs-weighted,ctrl_x,lift,15,0.7441,0.7953,0.7697,0.8271,0.3546,0.002
mrs-nsga2-apportion|mrs-weighted,ctrl_y,lift,15,0.6925,0.8415,0.767,0.809,0.014,0.023
aurus-nsga2-apportion|aurus,cross,lift,26,0.9808,0.2479,0.6143,0.7914,0.001,0.001
aurus-nsga2-apportion|aurus,ctrl_x,lift,13,0.8538,0.7797,0.8168,0.7814,0.4515,0.9111
aurus-nsga2-apportion|aurus,ctrl_y,lift,13,0.9699,1.0,0.9849,0.9565,0.5405,0.9011
mrs-nsga2-apportion|aurus,cross,lily02,28,0.873,0.8125,0.8428,0.8961,0.1289,0.001
mrs-nsga2-apportion|aurus,ctrl_x,lily02,14,0.8724,0.8406,0.8565,0.8953,0.5714,0.043
mrs-nsga2-apportion|aurus,ctrl_y,lily02,14,0.7933,0.8353,0.8143,0.8843,0.4226,0.008
mrs-nsga2-apportion|aurus-nsga2-apportion,cross,lily02,30,0.8613,0.8523,0.8568,0.8957,0.7942,0.008
mrs-nsga2-apportion|aurus-nsga2-apportion,ctrl_x,lily02,15,0.8834,0.8716,0.8775,0.9033,0.8252,0.1049
mrs-nsga2-apportion|aurus-nsga2-apportion,ctrl_y,lily02,15,0.9146,0.8463,0.8805,0.9114,0.1079,0.0659
mrs-nsga2-apportion|mrs-weighted,cross,lily02,30,0.8517,0.9179,0.8848,0.8969,0.021,0.1399
mrs-nsga2-apportion|mrs-weighted,ctrl_x,lily02,15,0.8581,0.8885,0.8733,0.8992,0.4805,0.0819
mrs-nsga2-apportion|mrs-weighted,ctrl_y,lily02,15,0.8613,0.8536,0.8575,0.8941,0.8422,0.013
aurus-nsga2-apportion|aurus,cross,lily02,28,0.8306,0.7294,0.78,0.9048,0.005,0.001
aurus-nsga2-apportion|aurus,ctrl_x,lily02,14,0.909,0.9227,0.9158,0.9141,0.7762,0.5145
aurus-nsga2-apportion|aurus,ctrl_y,lily02,14,0.7841,0.8027,0.7934,0.8815,0.7173,0.003
mrs-nsga2-apportion|aurus,cross,lily11,30,0.8062,0.5795,0.6929,0.7594,0.001,0.001
mrs-nsga2-apportion|aurus,ctrl_x,lily11,15,0.7568,0.72,0.7384,0.727,0.4775,0.7872
mrs-nsga2-apportion|aurus,ctrl_y,lily11,15,0.7562,0.8133,0.7848,0.793,0.2028,0.2907
mrs-nsga2-apportion|aurus-nsga2-apportion,cross,lily11,30,0.7345,0.7144,0.7244,0.7317,0.5035,0.2008
mrs-nsga2-apportion|aurus-nsga2-apportion,ctrl_x,lily11,15,0.7246,0.7274,0.726,0.7329,0.9411,0.2777
mrs-nsga2-apportion|aurus-nsga2-apportion,ctrl_y,lily11,15,0.6963,0.7425,0.7194,0.73,0.2837,0.1838
mrs-nsga2-apportion|mrs-weighted,cross,lily11,30,0.5913,0.8461,0.7187,0.7631,0.001,0.001
mrs-nsga2-apportion|mrs-weighted,ctrl_x,lily11,15,0.7299,0.7359,0.7329,0.7261,0.8801,0.7343
mrs-nsga2-apportion|mrs-weighted,ctrl_y,lily11,15,0.7949,0.7883,0.7916,0.8181,0.8382,0.024
aurus-nsga2-apportion|aurus,cross,lily11,30,0.8084,0.5916,0.7,0.7726,0.001,0.001
aurus-nsga2-apportion|aurus,ctrl_x,lily11,15,0.6937,0.7359,0.7148,0.7299,0.4076,0.1568
aurus-nsga2-apportion|aurus,ctrl_y,lily11,15,0.7657,0.8142,0.7899,0.799,0.2857,0.2647
mrs-nsga2-apportion|aurus,cross,lily15,28,0.9153,0.646,0.7806,0.9068,0.001,0.001
mrs-nsga2-apportion|aurus,ctrl_x,lily15,14,0.9357,0.8987,0.9172,0.917,0.4166,0.4875
mrs-nsga2-apportion|aurus,ctrl_y,lily15,14,0.8513,0.8597,0.8555,0.9117,0.8352,0.004
mrs-nsga2-apportion|aurus-nsga2-apportion,cross,lily15,30,0.8435,0.9452,0.8944,0.9298,0.003,0.006
mrs-nsga2-apportion|aurus-nsga2-apportion,ctrl_x,lily15,15,0.8908,0.8894,0.8901,0.915,0.974,0.0869
mrs-nsga2-apportion|aurus-nsga2-apportion,ctrl_y,lily15,15,0.9676,0.9675,0.9675,0.9345,1.0,0.982
mrs-nsga2-apportion|mrs-weighted,cross,lily15,30,0.8391,0.92,0.8796,0.9338,0.003,0.001
mrs-nsga2-apportion|mrs-weighted,ctrl_x,lily15,15,0.9393,0.8702,0.9047,0.914,0.0699,0.2807
mrs-nsga2-apportion|mrs-weighted,ctrl_y,lily15,15,0.9015,0.8324,0.867,0.9451,0.031,0.001
aurus-nsga2-apportion|aurus,cross,lily15,28,0.9577,0.5715,0.7646,0.9082,0.001,0.001
aurus-nsga2-apportion|aurus,ctrl_x,lily15,14,0.9332,0.9528,0.943,0.9273,0.6474,0.8192
aurus-nsga2-apportion|aurus,ctrl_y,lily15,14,0.8495,0.9301,0.8898,0.9275,0.0709,0.027
mrs-nsga2-apportion|mrs-weighted,cross,lily16,28,0.7648,0.6635,0.7142,0.9109,0.016,0.001
mrs-nsga2-apportion|mrs-weighted,ctrl_x,lily16,14,0.8174,0.9049,0.8611,0.9152,0.0669,0.003
mrs-nsga2-apportion|mrs-weighted,ctrl_y,lily16,14,0.7586,0.8105,0.7846,0.9339,0.2527,0.001
mrs-nsga2-apportion|aurus,cross,load-balancer-aurus,28,0.7221,0.853,0.7875,0.8873,0.009,0.001
mrs-nsga2-apportion|aurus,ctrl_x,load-balancer-aurus,14,0.8712,0.7606,0.8159,0.8782,0.1279,0.011
mrs-nsga2-apportion|aurus,ctrl_y,load-balancer-aurus,14,0.7326,0.9184,0.8255,0.9052,0.004,0.002
mrs-nsga2-apportion|aurus-nsga2-apportion,cross,load-balancer-aurus,18,0.9003,0.6915,0.7959,0.8764,0.004,0.001
mrs-nsga2-apportion|aurus-nsga2-apportion,ctrl_x,load-balancer-aurus,9,0.9298,0.8428,0.8863,0.9039,0.3227,0.2797
mrs-nsga2-apportion|aurus-nsga2-apportion,ctrl_y,load-balancer-aurus,9,0.9444,0.6425,0.7935,0.8581,0.007,0.032
mrs-nsga2-apportion|mrs-weighted,cross,load-balancer-aurus,30,0.6547,0.6597,0.6572,0.8287,0.8581,0.001
mrs-nsga2-apportion|mrs-weighted,ctrl_x,load-balancer-aurus,15,0.7321,0.733,0.7326,0.8423,0.984,0.001
mrs-nsga2-apportion|mrs-weighted,ctrl_y,load-balancer-aurus,15,0.686,0.5927,0.6394,0.8133,0.03,0.001
aurus-nsga2-apportion|aurus,cross,load-balancer-aurus,16,0.6656,0.8542,0.7599,0.8887,0.016,0.001
aurus-nsga2-apportion|aurus,ctrl_x,load-balancer-aurus,8,0.8125,0.7687,0.7906,0.8748,0.7183,0.019
aurus-nsga2-apportion|aurus,ctrl_y,load-balancer-aurus,8,0.8042,0.9438,0.874,0.9115,0.0969,0.1139
mrs-nsga2-apportion|aurus,cross,ltl2dba-r-2,30,0.8987,0.6538,0.7763,0.8246,0.001,0.001
mrs-nsga2-apportion|aurus,ctrl_x,ltl2dba-r-2,15,0.8325,0.8783,0.8554,0.8307,0.3037,0.9281
mrs-nsga2-apportion|aurus,ctrl_y,ltl2dba-r-2,15,0.8838,0.8637,0.8738,0.8684,0.5994,0.6234
mrs-nsga2-apportion|aurus-nsga2-apportion,cross,ltl2dba-r-2,30,0.8526,0.8414,0.847,0.8268,0.7053,0.97
mrs-nsga2-apportion|aurus-nsga2-apportion,ctrl_x,ltl2dba-r-2,15,0.8437,0.8517,0.8477,0.8282,0.8541,0.9071
mrs-nsga2-apportion|aurus-nsga2-apportion,ctrl_y,ltl2dba-r-2,15,0.861,0.7831,0.8221,0.8183,0.0649,0.5884
mrs-nsga2-apportion|mrs-weighted,cross,ltl2dba-r-2,30,0.7917,0.8995,0.8456,0.8283,0.001,0.958
mrs-nsga2-apportion|mrs-weighted,ctrl_x,ltl2dba-r-2,15,0.8249,0.8585,0.8417,0.8256,0.4146,0.8661
mrs-nsga2-apportion|mrs-weighted,ctrl_y,ltl2dba-r-2,15,0.881,0.8286,0.8548,0.824,0.1998,0.985
aurus-nsga2-apportion|aurus,cross,ltl2dba-r-2,30,0.8811,0.6116,0.7464,0.817,0.001,0.001
aurus-nsga2-apportion|aurus,ctrl_x,ltl2dba-r-2,15,0.8692,0.8259,0.8475,0.8099,0.3447,0.994
aurus-nsga2-apportion|aurus,ctrl_y,ltl2dba-r-2,15,0.8528,0.8607,0.8568,0.8691,0.8362,0.2078
mrs-nsga2-apportion|aurus,cross,ltl2dba-theta-2,28,0.7812,0.6946,0.7379,0.8286,0.0559,0.001
mrs-nsga2-apportion|aurus,ctrl_x,ltl2dba-theta-2,14,0.7267,0.8864,0.8066,0.8044,0.014,0.5265
mrs-nsga2-apportion|aurus,ctrl_y,ltl2dba-theta-2,14,0.8314,0.8624,0.8469,0.8732,0.5524,0.0849
mrs-nsga2-apportion|aurus-nsga2-apportion,cross,ltl2dba-theta-2,30,0.8318,0.8316,0.8317,0.8023,0.994,0.975
mrs-nsga2-apportion|aurus-nsga2-apportion,ctrl_x,ltl2dba-theta-2,15,0.8174,0.822,0.8197,0.816,0.9331,0.5544
mrs-nsga2-apportion|aurus-nsga2-apportion,ctrl_y,ltl2dba-theta-2,15,0.793,0.8944,0.8437,0.8216,0.0839,0.8611
mrs-nsga2-apportion|mrs-weighted,cross,ltl2dba-theta-2,30,0.7429,0.8256,0.7842,0.7874,0.0549,0.4116
mrs-nsga2-apportion|mrs-weighted,ctrl_x,ltl2dba-theta-2,15,0.7756,0.8869,0.8312,0.7983,0.0629,0.95
mrs-nsga2-apportion|mrs-weighted,ctrl_y,ltl2dba-theta-2,15,0.8061,0.7688,0.7874,0.7861,0.4965,0.5365
aurus-nsga2-apportion|aurus,cross,ltl2dba-theta-2,28,0.8032,0.712,0.7576,0.8373,0.043,0.001
aurus-nsga2-apportion|aurus,ctrl_x,ltl2dba-theta-2,14,0.7776,0.8609,0.8192,0.7927,0.1928,0.8871
aurus-nsga2-apportion|aurus,ctrl_y,ltl2dba-theta-2,14,0.8302,0.7959,0.8131,0.8842,0.5055,0.001
mrs-nsga2-apportion|aurus,cross,ltl2dba27,26,0.9349,0.8556,0.8952,0.8811,0.042,0.8501
mrs-nsga2-apportion|aurus,ctrl_x,ltl2dba27,13,0.8453,0.9318,0.8885,0.8664,0.1159,0.8621
mrs-nsga2-apportion|aurus,ctrl_y,ltl2dba27,13,0.9151,0.8492,0.8821,0.8754,0.2727,0.6224
mrs-nsga2-apportion|aurus-nsga2-apportion,cross,ltl2dba27,30,0.8615,0.8416,0.8515,0.8662,0.5924,0.1469
mrs-nsga2-apportion|aurus-nsga2-apportion,ctrl_x,ltl2dba27,15,0.8342,0.9476,0.8909,0.8565,0.037,0.958
mrs-nsga2-apportion|aurus-nsga2-apportion,ctrl_y,ltl2dba27,15,0.8575,0.8397,0.8486,0.8804,0.7453,0.0609
mrs-nsga2-apportion|mrs-weighted,cross,ltl2dba27,30,0.8106,0.997,0.9038,0.9041,0.001,0.4855
mrs-nsga2-apportion|mrs-weighted,ctrl_x,ltl2dba27,15,0.9031,0.9528,0.928,0.8821,0.3946,0.99
mrs-nsga2-apportion|mrs-weighted,ctrl_y,ltl2dba27,15,0.9662,0.9626,0.9644,0.9208,0.9201,1.0
aurus-nsga2-apportion|aurus,cross,ltl2dba27,26,0.9059,0.836,0.8709,0.8844,0.1099,0.2018
aurus-nsga2-apportion|aurus,ctrl_x,ltl2dba27,13,0.8654,0.8913,0.8784,0.8835,0.6523,0.3856
aurus-nsga2-apportion|aurus,ctrl_y,ltl2dba27,13,0.9276,0.8854,0.9065,0.8933,0.4316,0.7253
mrs-nsga2-apportion|aurus,cross,minepump,30,0.8729,0.7858,0.8293,0.858,0.003,0.003
mrs-nsga2-apportion|aurus,ctrl_x,minepump,15,0.8843,0.814,0.8492,0.866,0.0919,0.1209
mrs-nsga2-apportion|aurus,ctrl_y,minepump,15,0.8579,0.8545,0.8562,0.8711,0.9161,0.1299
mrs-nsga2-apportion|aurus-nsga2-apportion,cross,minepump,30,0.8216,0.8051,0.8134,0.871,0.5245,0.001
mrs-nsga2-apportion|aurus-nsga2-apportion,ctrl_x,minepump,15,0.8529,0.8571,0.855,0.8688,0.9131,0.1838
mrs-nsga2-apportion|aurus-nsga2-apportion,ctrl_y,minepump,15,0.8594,0.8168,0.8381,0.8656,0.2677,0.041
mrs-nsga2-apportion|mrs-weighted,cross,minepump,30,0.7035,0.8173,0.7604,0.8221,0.001,0.001
mrs-nsga2-apportion|mrs-weighted,ctrl_x,minepump,15,0.822,0.7615,0.7918,0.84,0.0719,0.001
mrs-nsga2-apportion|mrs-weighted,ctrl_y,minepump,15,0.7298,0.7008,0.7153,0.8125,0.4356,0.001
aurus-nsga2-apportion|aurus,cross,minepump,30,0.8422,0.7841,0.8132,0.8629,0.0519,0.001
aurus-nsga2-apportion|aurus,ctrl_x,minepump,15,0.8011,0.8042,0.8026,0.8639,0.951,0.001
aurus-nsga2-apportion|aurus,ctrl_y,minepump,15,0.8945,0.8734,0.884,0.8854,0.5634,0.4246
mrs-nsga2-apportion|aurus,cross,pcar-v2-888,2,1.0,0.0,0.5,0.8142,0.001,0.001
mrs-nsga2-apportion|aurus,ctrl_x,pcar-v2-888,1,0.1667,1.0,0.5833,0.69,0.041,0.1628
mrs-nsga2-apportion|aurus,ctrl_y,pcar-v2-888,1,1.0,1.0,1.0,0.9545,1.0,1.0
mrs-nsga2-apportion|aurus-nsga2-apportion,cross,pcar-v2-888,22,0.8369,0.651,0.744,0.8484,0.003,0.001
mrs-nsga2-apportion|aurus-nsga2-apportion,ctrl_x,pcar-v2-888,11,0.737,0.7967,0.7669,0.8512,0.4985,0.004
mrs-nsga2-apportion|aurus-nsga2-apportion,ctrl_y,pcar-v2-888,11,0.7146,0.8182,0.7664,0.8439,0.2298,0.003
mrs-nsga2-apportion|mrs-weighted,cross,pcar-v2-888,30,0.6633,0.7602,0.7117,0.8519,0.008,0.001
mrs-nsga2-apportion|mrs-weighted,ctrl_x,pcar-v2-888,15,0.6534,0.7232,0.6883,0.8676,0.1089,0.001
mrs-nsga2-apportion|mrs-weighted,ctrl_y,pcar-v2-888,15,0.7464,0.7569,0.7517,0.8628,0.8302,0.001
aurus-nsga2-apportion|aurus,cross,pcar-v2-888,2,1.0,0.0833,0.5417,0.8085,0.001,0.002
aurus-nsga2-apportion|aurus,ctrl_x,pcar-v2-888,1,0.5,1.0,0.75,0.7953,0.2168,0.5035
aurus-nsga2-apportion|aurus,ctrl_y,pcar-v2-888,1,1.0,1.0,1.0,0.9545,1.0,1.0
mrs-nsga2-apportion|aurus-nsga2-apportion,cross,prioritized-arbiter-aurus,2,1.0,1.0,1.0,0.9246,1.0,1.0
mrs-nsga2-apportion|aurus-nsga2-apportion,ctrl_x,prioritized-arbiter-aurus,1,1.0,0.25,0.625,0.8344,0.1538,0.1538
mrs-nsga2-apportion|aurus-nsga2-apportion,ctrl_y,prioritized-arbiter-aurus,1,0.5,1.0,0.75,0.8065,0.4196,0.4196
mrs-nsga2-apportion|mrs-weighted,cross,prioritized-arbiter-aurus,30,0.7192,0.7483,0.7337,0.88,0.3047,0.001
mrs-nsga2-apportion|mrs-weighted,ctrl_x,prioritized-arbiter-aurus,15,0.6576,0.8443,0.7509,0.8856,0.001,0.001
mrs-nsga2-apportion|mrs-weighted,ctrl_y,prioritized-arbiter-aurus,15,0.8336,0.71,0.7718,0.8825,0.001,0.001
mrs-nsga2-apportion|aurus,cross,rg1,30,0.8242,0.8454,0.8348,0.8562,0.4505,0.028
mrs-nsga2-apportion|aurus,ctrl_x,rg1,15,0.8112,0.8056,0.8084,0.8829,0.8841,0.001
mrs-nsga2-apportion|aurus,ctrl_y,rg1,15,0.8467,0.7673,0.807,0.8655,0.032,0.001
mrs-nsga2-apportion|aurus-nsga2-apportion,cross,rg1,28,0.824,0.8948,0.8594,0.8872,0.1558,0.0619
mrs-nsga2-apportion|aurus-nsga2-apportion,ctrl_x,rg1,14,0.8031,0.8362,0.8197,0.8608,0.6873,0.1019
mrs-nsga2-apportion|aurus-nsga2-apportion,ctrl_y,rg1,14,0.8291,0.878,0.8536,0.8687,0.4945,0.2687
mrs-nsga2-apportion|mrs-weighted,cross,rg1,30,0.7057,0.8776,0.7916,0.8841,0.001,0.001
mrs-nsga2-apportion|mrs-weighted,ctrl_x,rg1,15,0.819,0.8038,0.8114,0.8788,0.6943,0.001
mrs-nsga2-apportion|mrs-weighted,ctrl_y,rg1,15,0.7126,0.8406,0.7766,0.8732,0.003,0.001
aurus-nsga2-apportion|aurus,cross,rg1,28,0.7538,0.9056,0.8297,0.8999,0.002,0.001
aurus-nsga2-apportion|aurus,ctrl_x,rg1,14,0.8321,0.8579,0.845,0.8671,0.7552,0.2158
aurus-nsga2-apportion|aurus,ctrl_y,rg1,14,0.9396,0.8988,0.9192,0.8992,0.5245,0.8392
mrs-nsga2-apportion|aurus,cross,rg2,30,0.9489,0.8779,0.9134,0.9039,0.023,0.7802
mrs-nsga2-apportion|aurus,ctrl_x,rg2,15,0.9342,0.9143,0.9243,0.9091,0.6523,0.8272
mrs-nsga2-apportion|aurus,ctrl_y,rg2,15,0.9409,0.9322,0.9366,0.8993,0.8252,0.985
mrs-nsga2-apportion|aurus-nsga2-apportion,cross,rg2,30,0.9233,0.9195,0.9214,0.905,0.8961,0.9261
mrs-nsga2-apportion|aurus-nsga2-apportion,ctrl_x,rg2,15,0.9619,0.9117,0.9368,0.8966,0.2298,0.997
mrs-nsga2-apportion|aurus-nsga2-apportion,ctrl_y,rg2,15,0.9184,0.9346,0.9265,0.9138,0.6913,0.7732
mrs-nsga2-apportion|mrs-weighted,cross,rg2,30,0.8865,0.8942,0.8903,0.8996,0.7882,0.1998
mrs-nsga2-apportion|mrs-weighted,ctrl_x,rg2,15,0.9543,0.91,0.9321,0.8972,0.2927,0.991
mrs-nsga2-apportion|mrs-weighted,ctrl_y,rg2,15,0.8618,0.9236,0.8927,0.9153,0.0769,0.0629
aurus-nsga2-apportion|aurus,cross,rg2,30,0.9475,0.8991,0.9233,0.9042,0.1079,0.952
aurus-nsga2-apportion|aurus,ctrl_x,rg2,15,0.9473,0.8741,0.9107,0.9142,0.0689,0.3966
aurus-nsga2-apportion|aurus,ctrl_y,rg2,15,0.9212,0.9371,0.9291,0.897,0.7223,0.971
mrs-nsga2-apportion|aurus,cross,round-robin-arbiter-aurus,30,0.5008,0.7345,0.6177,0.8156,0.001,0.001
mrs-nsga2-apportion|aurus,ctrl_x,round-robin-arbiter-aurus,15,0.7389,0.7311,0.735,0.8372,0.7972,0.001
mrs-nsga2-apportion|aurus,ctrl_y,round-robin-arbiter-aurus,15,0.7426,0.7019,0.7223,0.8232,0.1848,0.001
mrs-nsga2-apportion|aurus-nsga2-apportion,cross,round-robin-arbiter-aurus,30,0.7512,0.762,0.7566,0.8269,0.6643,0.001
mrs-nsga2-apportion|aurus-nsga2-apportion,ctrl_x,round-robin-arbiter-aurus,15,0.7424,0.7195,0.731,0.8217,0.5504,0.001
mrs-nsga2-apportion|aurus-nsga2-apportion,ctrl_y,round-robin-arbiter-aurus,15,0.7709,0.7668,0.7688,0.8401,0.9051,0.001
mrs-nsga2-apportion|mrs-weighted,cross,round-robin-arbiter-aurus,30,0.5263,0.8105,0.6684,0.8214,0.001,0.001
mrs-nsga2-apportion|mrs-weighted,ctrl_x,round-robin-arbiter-aurus,15,0.739,0.7316,0.7353,0.838,0.8272,0.001
mrs-nsga2-apportion|mrs-weighted,ctrl_y,round-robin-arbiter-aurus,15,0.7365,0.728,0.7323,0.8053,0.8032,0.001
aurus-nsga2-apportion|aurus,cross,round-robin-arbiter-aurus,30,0.4715,0.7918,0.6316,0.8034,0.001,0.001
aurus-nsga2-apportion|aurus,ctrl_x,round-robin-arbiter-aurus,15,0.7544,0.7724,0.7634,0.8373,0.6104,0.001
aurus-nsga2-apportion|aurus,ctrl_y,round-robin-arbiter-aurus,15,0.7377,0.7195,0.7286,0.8134,0.6334,0.001
mrs-nsga2-apportion|aurus,cross,simple-arbiter-aurus,28,0.8359,0.5498,0.6928,0.8704,0.001,0.001
mrs-nsga2-apportion|aurus,ctrl_x,simple-arbiter-aurus,14,0.8164,0.8927,0.8546,0.889,0.0749,0.015
mrs-nsga2-apportion|aurus,ctrl_y,simple-arbiter-aurus,14,0.7269,0.8659,0.7964,0.8242,0.008,0.0579
mrs-nsga2-apportion|aurus-nsga2-apportion,cross,simple-arbiter-aurus,30,0.8725,0.8097,0.8411,0.8768,0.018,0.001
mrs-nsga2-apportion|aurus-nsga2-apportion,ctrl_x,simple-arbiter-aurus,15,0.751,0.8916,0.8213,0.8819,0.001,0.001
mrs-nsga2-apportion|aurus-nsga2-apportion,ctrl_y,simple-arbiter-aurus,15,0.7942,0.8524,0.8233,0.8613,0.1369,0.005
mrs-nsga2-apportion|mrs-weighted,cross,simple-arbiter-aurus,30,0.7797,0.8842,0.8319,0.8908,0.001,0.001
mrs-nsga2-apportion|mrs-weighted,ctrl_x,simple-arbiter-aurus,15,0.7606,0.8741,0.8174,0.8807,0.003,0.001
mrs-nsga2-apportion|mrs-weighted,ctrl_y,simple-arbiter-aurus,15,0.8732,0.8704,0.8718,0.9049,0.9071,0.005
aurus-nsga2-apportion|aurus,cross,simple-arbiter-aurus,28,0.8252,0.529,0.6771,0.8811,0.001,0.001
aurus-nsga2-apportion|aurus,ctrl_x,simple-arbiter-aurus,14,0.8491,0.8733,0.8612,0.8851,0.5594,0.0599
aurus-nsga2-apportion|aurus,ctrl_y,simple-arbiter-aurus,14,0.7192,0.8898,0.8045,0.8301,0.002,0.0759
