comp,spec,a_classes,b_classes,subA_non,subB_non,net_non,subA_imp,subB_imp,net_imp,undecided,errors
selection,arbiter-aurus,348,1007,0.3017,0.1311,-0.1706,0.3017,0.1311,-0.1706,0,0
selection,detector-aurus,154,434,0.3312,0.0369,-0.2943,0.3312,0.0369,-0.2943,0,0
selection,full-arbiter-aurus,504,188,0.0635,0.1277,0.0642,0.0635,0.1277,0.0642,0,0
selection,gyro-var1,350,1179,0.3514,0.0416,-0.3099,0.3514,0.0416,-0.3099,0,0
selection,gyro-var2,295,1284,0.2237,0.0779,-0.1458,0.2237,0.0779,-0.1458,0,0
selection,humanoid-458,439,1125,0.2847,0.0471,-0.2376,0.2847,0.0471,-0.2376,0,0
selection,humanoid-503,714,1242,0.1793,0.0064,-0.1728,0.1849,0.0105,-0.1744,6,0
selection,humanoid-531,sampled,sampled,0.3627,0.042,-0.3207,0.5337,0.042,-0.4917,46,0
selection,humanoid-742,sampled,sampled,0.0714,0.0382,-0.0332,0.3,0.1529,-0.1471,238,0
selection,lift,268,1182,0.1567,0.0482,-0.1085,0.1604,0.0516,-0.1088,5,0
selection,lily02,194,774,0.2423,0.0646,-0.1777,0.2423,0.0646,-0.1777,0,0
selection,lily11,280,313,0.6643,0.0447,-0.6196,0.6643,0.0447,-0.6196,0,0
selection,lily15,197,574,0.3096,0.0157,-0.294,0.3096,0.0157,-0.294,0,0
selection,lily16,188,907,0.266,0.0243,-0.2417,0.266,0.0243,-0.2417,0,0
selection,load-balancer-aurus,496,1126,0.2359,0.0631,-0.1728,0.2359,0.0631,-0.1728,0,0
selection,ltl2dba-r-2,171,279,0.3099,0.0251,-0.2849,0.3099,0.0251,-0.2849,0,0
selection,ltl2dba-theta-2,114,155,0.2807,0.0387,-0.242,0.2807,0.0387,-0.242,0,0
selection,ltl2dba27,67,82,0.2687,0.0732,-0.1955,0.2687,0.0732,-0.1955,0,0
selection,minepump,188,632,0.5213,0.0649,-0.4564,0.5213,0.0649,-0.4564,0,0
selection,pcar-v2-888,446,1182,0.2444,0.0668,-0.1776,0.2758,0.0711,-0.2047,32,0
selection,prioritized-arbiter-aurus,474,1635,0.3101,0.082,-0.2282,0.3122,0.0826,-0.2297,1,0
selection,rg1,356,1195,0.4607,0.0954,-0.3653,0.4607,0.0954,-0.3653,0,0
selection,rg2,103,272,0.3301,0.0662,-0.2639,0.3301,0.0662,-0.2639,0,0
selection,round-robin-arbiter-aurus,656,1826,0.4588,0.0235,-0.4353,0.4588,0.0235,-0.4353,0,0
selection,simple-arbiter-aurus,255,920,0.3294,0.0957,-0.2338,0.3294,0.0957,-0.2338,0,0
grading,arbiter-aurus,348,222,0.1667,0.1441,-0.0225,0.1667,0.1441,-0.0225,0,0
grading,detector-aurus,154,126,0.1429,0.1508,0.0079,0.1429,0.1508,0.0079,0,0
grading,full-arbiter-aurus,504,120,0.0179,0.2417,0.2238,0.0179,0.2417,0.2238,0,0
grading,gyro-var1,350,196,0.1457,0.2143,0.0686,0.1457,0.2143,0.0686,0,0
grading,gyro-var2,295,218,0.0678,0.3624,0.2946,0.0678,0.3624,0.2946,0,0
grading,humanoid-458,439,245,0.1503,0.1878,0.0374,0.1503,0.1878,0.0374,0,0
grading,humanoid-503,714,44,0.0196,0.0909,0.0713,0.0196,0.0909,0.0713,0,0
grading,humanoid-531,sampled,sampled,0.0777,0.232,0.1543,0.1606,0.232,0.0714,46,0
grading,humanoid-742,sampled,sampled,0.0429,0.1538,0.111,0.1286,0.2517,0.1232,237,0
grading,lift,268,275,0.1493,0.0691,-0.0802,0.1493,0.0691,-0.0802,0,0
grading,lily02,194,281,0.1392,0.516,0.3768,0.1392,0.516,0.3768,0,0
grading,lily11,280,261,0.1857,0.1418,-0.044,0.1857,0.1418,-0.044,0,0
grading,lily15,197,196,0.066,0.1531,0.0871,0.066,0.1531,0.0871,0,0
grading,lily16,188,8,0.0,0.75,0.75,0.0,0.75,0.75,0,0
grading,load-balancer-aurus,496,93,0.0242,0.3763,0.3522,0.0242,0.3763,0.3522,0,0
grading,ltl2dba-r-2,171,136,0.193,0.0368,-0.1562,0.193,0.0368,-0.1562,0,0
grading,ltl2dba-theta-2,114,125,0.1053,0.04,-0.0653,0.1053,0.04,-0.0653,0,0
grading,ltl2dba27,67,80,0.0299,0.2375,0.2076,0.0299,0.2375,0.2076,0,0
grading,minepump,188,139,0.2553,0.3237,0.0684,0.2553,0.3237,0.0684,0,0
grading,pcar-v2-888,446,168,0.0448,0.2798,0.2349,0.0448,0.2798,0.2349,0,0
grading,prioritized-arbiter-aurus,474,53,0.0105,0.4528,0.4423,0.0105,0.4528,0.4423,0,0
grading,rg1,356,147,0.014,0.5646,0.5506,0.014,0.5646,0.5506,0,0
grading,rg2,103,99,0.1262,0.1212,-0.005,0.1262,0.1212,-0.005,0,0
grading,round-robin-arbiter-aurus,656,389,0.1951,0.1928,-0.0023,0.1951,0.1928,-0.0023,0,0
grading,simple-arbiter-aurus,255,280,0.2078,0.3071,0.0993,0.2078,0.3071,0.0993,0,0
