spec,front_A,front_B,net_non,net_imp,subA_non,subB_non,pairs,undecided,errors
arbiter-aurus,361,242,0.0056,0.0056,0.2382,0.2438,176,0,0
detector-aurus,173,153,-0.1,-0.1,0.185,0.085,90,0,0
full-arbiter-aurus,494,100,0.1256,0.1256,0.0344,0.16,28955,0,1
gyro-var1,352,197,0.1629,0.1629,0.0909,0.2538,60610,0,13
gyro-var2,291,197,0.2694,0.2694,0.0859,0.3553,44196,0,13
humanoid-458,460,243,-0.0178,-0.0178,0.1413,0.1235,39485,0,10
humanoid-503,738,82,0.1314,0.1314,0.0027,0.1341,7111,0,3
humanoid-742,sampled,sampled,0.15,0.14,0.05,0.2,62602,2,0
lift,322,272,0.0067,0.0067,0.0963,0.1029,34237,0,5
lily02,281,193,-0.02,-0.02,0.0925,0.0725,104,0,0
lily11,214,279,0.1704,0.1704,0.0841,0.2545,134,0,0
lily15,192,188,-0.0498,-0.0498,0.1615,0.1117,79,0,0
lily16,305,3,0.0,0.0,0.0,0.0,1091,0,0
load-balancer-aurus,552,122,0.1907,0.1907,0.0634,0.2541,1998,0,0
ltl2dba-r-2,201,204,-0.0424,-0.0424,0.2139,0.1716,106,0,0
ltl2dba-theta-2,133,102,-0.2998,-0.2998,0.3684,0.0686,80,0,0
ltl2dba27,61,79,0.0944,0.0944,0.1967,0.2911,60,0,0
minepump,147,149,0.0501,0.0501,0.2653,0.3154,108,0,0
pcar-v2-888,416,174,0.3844,0.3844,0.0409,0.4253,11178,0,4
prioritized-arbiter-aurus,485,31,0.383,0.383,0.0041,0.3871,4409,0,3
rg1,390,148,0.3898,0.3898,0.0359,0.4257,139,0,0
rg2,86,84,0.0889,0.0889,0.2326,0.3214,57,0,0
round-robin-arbiter-aurus,652,464,0.067,0.067,0.1334,0.2004,813,0,0
simple-arbiter-aurus,232,311,0.1837,0.1837,0.125,0.3087,210,0,0
